Ord_Num,Cust_Num,Cust_Name,Order_Date,Country,Prod_Type,Prod_Line,Prod_Name,Prod_Num,Pro_Price,Ord_Qty,Amount
111,1007,Backwoods Equipment Pty,2006/8/13,台南營一部,男裝,西裝,StarDome,40103,554,1,448.74
111,1007,Backwoods Equipment Pty,2006/8/13,台南營一部,男裝,褲子,運動褲,40303,25,25,575
111,1007,Backwoods Equipment Pty,2006/8/13,台南營一部,女裝,內褲,GO Water Bottle,50203,8,32,220.16
111,1007,Backwoods Equipment Pty,2006/8/13,台南營一部,日用品,再生用品,EnviroSak,60200,7,16,110.88
111,1007,Backwoods Equipment Pty,2006/8/13,台南營一部,日用品,再生用品,Enviro-Kit,60201,13,19,187.72
111,1007,Backwoods Equipment Pty,2006/8/13,台南營一部,日用品,沐浴用品,RiverKind Detergent,60302,8,363,2468.4
65,1039,Vacation Central 1,2005/9/23,台南營一部,男裝,西裝,Star Lite,40100,165,15,2178
65,1039,Vacation Central 1,2005/9/23,台南營一部,男裝,褲子,短褲,40302,18,22,320.76
65,1039,Vacation Central 1,2005/9/23,台南營一部,男裝,男鞋,皮鞋,40401,111,13,1356.42
65,1039,Vacation Central 1,2005/9/23,台南營一部,女裝,內褲,GO Water Bottle,50203,8,64,389.12
65,1039,Vacation Central 1,2005/9/23,台南營一部,日用品,防曬油,Sun Shelter-15,60401,9,124,837
65,1039,Vacation Central 1,2005/9/23,台南營一部,日用品,濾水器,Pocket Water Filter,60501,270,46,11178
160,1039,Vacation Central 1,2006/10/20,台南營一部,男裝,男鞋,雨鞋,40400,68,30,1611.6
160,1039,Vacation Central 1,2006/10/20,台南營一部,男裝,男鞋,拖鞋,40403,22,12,208.56
160,1039,Vacation Central 1,2006/10/20,台南營一部,女裝,內衣,GO Duffel Bag,50102,62,80,4216
160,1039,Vacation Central 1,2006/10/20,台南營一部,日用品,沐浴用品,RiverKind Shampoo,60300,11,138,1138.5
160,1039,Vacation Central 1,2006/10/20,台南營一部,日用品,防曬油,Sun Shelter-8,60400,6,207,1204.74
160,1039,Vacation Central 1,2006/10/20,台南營一部,日用品,防曬油,Sun Shelter-30,60402,11,122,1033.34
75,1055,OutBack Pty 1,2005/6/5,台南營一部,男裝,西裝,Star Gazer-3,40102,555,3,1598.4
75,1055,OutBack Pty 1,2005/6/5,台南營一部,男裝,帽子,鴨嘴帽,40201,129,16,1960.8
75,1055,OutBack Pty 1,2005/6/5,台南營一部,女裝,內褲,GO Water Bottle,50203,8,80,576
75,1055,OutBack Pty 1,2005/6/5,台南營一部,日用品,再生用品,EnviroSak,60200,6,62,349.68
75,1055,OutBack Pty 1,2005/6/5,台南營一部,日用品,再生用品,Enviro-T,60202,30,124,3310.8
110,1055,OutBack Pty 1,2006/3/26,台南營一部,男裝,男鞋,雨鞋,40400,68,75,4743
110,1055,OutBack Pty 1,2006/3/26,台南營一部,女裝,內褲,GO Headband,50201,11,80,765.6
110,1055,OutBack Pty 1,2006/3/26,台南營一部,日用品,警報器,Pocket U.V. Alerter,60100,10,38,349.6
110,1055,OutBack Pty 1,2006/3/26,台南營一部,日用品,警報器,Microwave Detective,60101,13,68,733.72
110,1055,OutBack Pty 1,2006/3/26,台南營一部,日用品,防曬油,Sun Shelter-15,60401,11,171,1805.76
30,1055,OutBack Pty 1,2005/3/4,台南營一部,男裝,褲子,休閒褲,40300,14,16,179.2
30,1055,OutBack Pty 1,2005/3/4,台南營一部,男裝,褲子,運動褲,40303,24,22,427.68
30,1055,OutBack Pty 1,2005/3/4,台南營一部,女裝,內衣,GO Ski Gear Bag,50101,32,48,1397.76
30,1055,OutBack Pty 1,2005/3/4,台南營一部,日用品,警報器,Microwave Detective,60101,12,36,393.12
30,1055,OutBack Pty 1,2005/3/4,台南營一部,日用品,濾水器,Pocket Water Filter,60501,270,31,7365.6
18,1056,OutBack Pty 2,2005/9/28,台南營一部,男裝,西裝,Star Gazer-3,40102,555,7,3807.3
18,1056,OutBack Pty 2,2005/9/28,台南營一部,男裝,褲子,休閒褲,40300,14,7,81.34
18,1056,OutBack Pty 2,2005/9/28,台南營一部,男裝,男鞋,皮鞋,40401,111,22,2246.64
18,1056,OutBack Pty 2,2005/9/28,台南營一部,女裝,內衣,GO Sport  Bag,50100,28,16,394.24
18,1056,OutBack Pty 2,2005/9/28,台南營一部,日用品,再生用品,Enviro-T,60202,30,36,896.4
18,1056,OutBack Pty 2,2005/9/28,台南營一部,日用品,防曬油,Sun Shelter-30,60402,9,124,937.44
104,1056,OutBack Pty 2,2006/10/30,台南營一部,男裝,褲子,休閒褲,40300,14,12,142.8
104,1056,OutBack Pty 2,2006/10/30,台南營一部,男裝,男鞋,皮鞋,40401,117,10,1053
104,1056,OutBack Pty 2,2006/10/30,台南營一部,女裝,內褲,GO Wristband,50202,9,48,358.56
104,1056,OutBack Pty 2,2006/10/30,台南營一部,日用品,再生用品,Enviro-Kit,60201,13,3,33.93
104,1056,OutBack Pty 2,2006/10/30,台南營一部,日用品,再生用品,Enviro-T,60202,33,12,320.76
104,1056,OutBack Pty 2,2006/10/30,台南營一部,日用品,防曬油,Sun Shelter-8,60400,6,207,1229.58
138,1056,OutBack Pty 2,2006/12/20,台南營一部,男裝,帽子,扁帽,40200,114,10,1060.2
138,1056,OutBack Pty 2,2006/12/20,台南營一部,男裝,褲子,休閒褲,40300,14,7,91.14
138,1056,OutBack Pty 2,2006/12/20,台南營一部,女裝,內褲,GO Water Bottle,50203,8,32,230.4
138,1056,OutBack Pty 2,2006/12/20,台南營一部,日用品,警報器,Microwave Detective,60101,13,68,813.28
138,1056,OutBack Pty 2,2006/12/20,台南營一部,日用品,沐浴用品,RiverKind Shampoo,60300,11,306,3197.7
138,1056,OutBack Pty 2,2006/12/20,台南營一部,日用品,防曬油,Sun Shelter-15,60401,11,375,3506.25
141,1056,OutBack Pty 2,2006/10/10,台南營一部,男裝,西裝,獵裝,40202,80,9,540
141,1056,OutBack Pty 2,2006/10/10,台南營一部,男裝,男鞋,雨鞋,40400,68,52,3040.96
141,1056,OutBack Pty 2,2006/10/10,台南營一部,女裝,內衣,GO Sport  Bag,50100,31,16,441.44
141,1056,OutBack Pty 2,2006/10/10,台南營一部,日用品,再生用品,EnviroSak,60200,7,1,5.32
141,1056,OutBack Pty 2,2006/10/10,台南營一部,日用品,再生用品,Enviro-Kit,60201,13,30,296.4
141,1056,OutBack Pty 2,2006/10/10,台南營一部,日用品,防曬油,Sun Shelter-30,60402,11,122,1288.32
195,1056,OutBack Pty 2,2006/10/12,台南營一部,男裝,帽子,扁帽,40200,114,8,839.04
195,1056,OutBack Pty 2,2006/10/12,台南營一部,男裝,西裝,獵裝,40202,80,10,616
195,1056,OutBack Pty 2,2006/10/12,台南營一部,女裝,內衣,GO Duffel Bag,50102,62,64,3452.16
195,1056,OutBack Pty 2,2006/10/12,台南營一部,日用品,再生用品,Enviro-Kit,60201,13,20,223.6
195,1056,OutBack Pty 2,2006/10/12,台南營一部,日用品,防曬油,Sun Shelter-8,60400,6,155,799.8
195,1056,OutBack Pty 2,2006/10/12,台南營一部,日用品,濾水器,Pro-Lite Water Filter,60500,190,1,167.2
216,1056,OutBack Pty 2,2006/7/3,台南營一部,男裝,西裝,Star Gazer-2,40101,466,10,3588.2
216,1056,OutBack Pty 2,2006/7/3,台南營一部,男裝,西裝,獵裝,40202,80,1,76
216,1056,OutBack Pty 2,2006/7/3,台南營一部,女裝,內褲,GO Headband,50201,11,64,563.2
216,1056,OutBack Pty 2,2006/7/3,台南營一部,日用品,警報器,Microwave Detective,60101,13,29,327.99
216,1056,OutBack Pty 2,2006/7/3,台南營一部,日用品,沐浴用品,RiverKind Soap,60301,13,422,5101.98
216,1056,OutBack Pty 2,2006/7/3,台南營一部,日用品,濾水器,Pro-Lite Water Filter,60500,190,5,845.5
233,1056,OutBack Pty 2,2005/10/24,台南營一部,日用品,警報器,Pocket U.V. Alerter,60100,9,500,2475
234,1056,OutBack Pty 2,2006/4/24,台南營一部,日用品,防曬油,Sun Shelter-30,60402,9,500,2475
42,1057,OutBack Pty 3,2005/8/5,台南營一部,男裝,帽子,扁帽,40200,120,19,2188.8
42,1057,OutBack Pty 3,2005/8/5,台南營一部,男裝,男鞋,雨鞋,40400,65,42,2538.9
42,1057,OutBack Pty 3,2005/8/5,台南營一部,男裝,男鞋,拖鞋,40403,21,62,1054.62
42,1057,OutBack Pty 3,2005/8/5,台南營一部,女裝,內衣,GO Ski Gear Bag,50101,32,48,1367.04
42,1057,OutBack Pty 3,2005/8/5,台南營一部,日用品,警報器,Pocket U.V. Alerter,60100,9,98,784.98
42,1057,OutBack Pty 3,2005/8/5,台南營一部,日用品,警報器,Pocket Radon Alerter,60102,39,11,386.1
161,1057,OutBack Pty 3,2006/8/17,台南營一部,男裝,褲子,休閒褲,40300,14,12,147.84
161,1057,OutBack Pty 3,2006/8/17,台南營一部,男裝,男鞋,運動鞋,40402,57,43,1862.76
161,1057,OutBack Pty 3,2006/8/17,台南營一部,女裝,內衣,GO Ski Gear Bag,50101,35,48,1478.4
161,1057,OutBack Pty 3,2006/8/17,台南營一部,日用品,沐浴用品,RiverKind Shampoo,60300,11,50,528
161,1057,OutBack Pty 3,2006/8/17,台南營一部,日用品,濾水器,Pro-Lite Water Filter,60500,190,1,171
161,1057,OutBack Pty 3,2006/8/17,台南營一部,日用品,濾水器,Pocket Water Filter,60501,311,57,15245.22
64,1058,OutBack Pty 4,2005/7/27,台南營一部,男裝,西裝,Star Lite,40100,165,9,1470.15
64,1058,OutBack Pty 4,2005/7/27,台南營一部,男裝,褲子,休閒褲,40300,14,10,130.2
64,1058,OutBack Pty 4,2005/7/27,台南營一部,男裝,男鞋,拖鞋,40403,21,73,1257.06
64,1058,OutBack Pty 4,2005/7/27,台南營一部,女裝,內褲,GO Headband,50201,10,32,316.8
64,1058,OutBack Pty 4,2005/7/27,台南營一部,日用品,沐浴用品,RiverKind Detergent,60302,6,353,1673.22
64,1058,OutBack Pty 4,2005/7/27,台南營一部,日用品,濾水器,Pro-Lite Water Filter,60500,165,11,1706.1
191,1058,OutBack Pty 4,2006/2/23,台南營一部,男裝,西裝,Star Lite,40100,193,25,3956.5
191,1058,OutBack Pty 4,2006/2/23,台南營一部,男裝,帽子,扁帽,40200,114,6,574.56
191,1058,OutBack Pty 4,2006/2/23,台南營一部,女裝,內衣,GO Sport  Bag,50100,31,16,461.28
191,1058,OutBack Pty 4,2006/2/23,台南營一部,日用品,沐浴用品,RiverKind Shampoo,60300,11,363,3114.54
191,1058,OutBack Pty 4,2006/2/23,台南營一部,日用品,沐浴用品,RiverKind Detergent,60302,8,306,2056.32
191,1058,OutBack Pty 4,2006/2/23,台南營一部,日用品,濾水器,Pro-Lite Water Filter,60500,190,5,712.5
59,1040,Vacation Central 2,2005/7/6,台中營一部,男裝,帽子,鴨嘴帽,40201,129,16,1568.64
59,1040,Vacation Central 2,2005/7/6,台中營一部,男裝,褲子,西褲,40301,131,4,503.04
59,1040,Vacation Central 2,2005/7/6,台中營一部,男裝,男鞋,雨鞋,40400,65,32,1830.4
59,1040,Vacation Central 2,2005/7/6,台中營一部,女裝,內褲,GO Water Bottle,50203,8,32,207.36
59,1040,Vacation Central 2,2005/7/6,台中營一部,日用品,防曬油,Sun Shelter-8,60400,6,504,2540.16
102,1066,Wilderness Wonderment Ltd,2006/4/26,台中營一部,男裝,西裝,Star Gazer-3,40102,500,7,3080
102,1066,Wilderness Wonderment Ltd,2006/4/26,台中營一部,男裝,男鞋,雨鞋,40400,68,21,1370.88
102,1066,Wilderness Wonderment Ltd,2006/4/26,台中營一部,女裝,內褲,GO Water Bottle,50203,8,32,227.84
102,1066,Wilderness Wonderment Ltd,2006/4/26,台中營一部,日用品,警報器,Microwave Detective,60101,13,93,1148.55
102,1066,Wilderness Wonderment Ltd,2006/4/26,台中營一部,日用品,防曬油,Sun Shelter-8,60400,6,136,799.68
102,1066,Wilderness Wonderment Ltd,2006/4/26,台中營一部,日用品,防曬油,Sun Shelter-15,60401,11,198,2134.44
164,1066,Wilderness Wonderment Ltd,2006/2/2,台中營一部,男裝,西裝,Star Gazer-3,40102,500,16,6320
164,1066,Wilderness Wonderment Ltd,2006/2/2,台中營一部,男裝,褲子,短褲,40302,19,12,218.88
164,1066,Wilderness Wonderment Ltd,2006/2/2,台中營一部,女裝,內衣,GO Ski Gear Bag,50101,35,64,1926.4
164,1066,Wilderness Wonderment Ltd,2006/2/2,台中營一部,日用品,警報器,Microwave Detective,60101,13,53,654.55
164,1066,Wilderness Wonderment Ltd,2006/2/2,台中營一部,日用品,再生用品,EnviroSak,60200,7,19,110.39
164,1066,Wilderness Wonderment Ltd,2006/2/2,台中營一部,日用品,沐浴用品,RiverKind Detergent,60302,8,332,2523.2
222,1066,Wilderness Wonderment Ltd,2005/2/7,台中營一部,日用品,警報器,Pocket U.V. Alerter,60100,9,4,19.8
222,1066,Wilderness Wonderment Ltd,2005/2/7,台中營一部,日用品,警報器,Microwave Detective,60101,12,10,66
222,1066,Wilderness Wonderment Ltd,2005/2/7,台中營一部,日用品,警報器,Pocket Radon Alerter,60102,39,100,2145
223,1066,Wilderness Wonderment Ltd,2005/4/7,台中營一部,女裝,內衣,GO Duffel Bag,50102,56,100,3080
224,1066,Wilderness Wonderment Ltd,2005/10/24,台中營一部,女裝,內衣,GO Sport  Bag,50100,28,100,1540
118,1090,Rock Steady 4,2006/7/8,台中營一部,男裝,西裝,StarDome,40103,554,16,8598.08
118,1090,Rock Steady 4,2006/7/8,台中營一部,男裝,男鞋,雨鞋,40400,68,37,2264.4
118,1090,Rock Steady 4,2006/7/8,台中營一部,女裝,內衣,GO Ski Gear Bag,50101,35,32,996.8
118,1090,Rock Steady 4,2006/7/8,台中營一部,日用品,再生用品,Enviro-T,60202,33,24,728.64
118,1090,Rock Steady 4,2006/7/8,台中營一部,日用品,防曬油,Sun Shelter-8,60400,6,49,249.9
118,1090,Rock Steady 4,2006/7/8,台中營一部,日用品,防曬油,Sun Shelter-30,60402,11,171,1768.14
166,1090,Rock Steady 4,2006/11/9,台中營一部,男裝,褲子,西褲,40301,138,1,103.5
166,1090,Rock Steady 4,2006/11/9,台中營一部,男裝,男鞋,拖鞋,40403,22,18,304.92
166,1090,Rock Steady 4,2006/11/9,台中營一部,女裝,內褲,GO Headband,50201,11,32,264
166,1090,Rock Steady 4,2006/11/9,台中營一部,日用品,警報器,Microwave Detective,60101,13,20,252.2
166,1090,Rock Steady 4,2006/11/9,台中營一部,日用品,再生用品,Enviro-Kit,60201,13,20,247
166,1090,Rock Steady 4,2006/11/9,台中營一部,日用品,沐浴用品,RiverKind Detergent,60302,8,221,1750.32
172,1113,Wally Mart 3,2006/3/12,台中營一部,男裝,西裝,Star Gazer-2,40101,466,1,382.12
172,1113,Wally Mart 3,2006/3/12,台中營一部,男裝,帽子,鴨嘴帽,40201,123,2,218.94
172,1113,Wally Mart 3,2006/3/12,台中營一部,女裝,內褲,GO Headband,50201,11,48,417.12
172,1113,Wally Mart 3,2006/3/12,台中營一部,日用品,沐浴用品,RiverKind Soap,60301,13,165,1951.95
172,1113,Wally Mart 3,2006/3/12,台中營一部,日用品,防曬油,Sun Shelter-30,60402,11,273,2822.82
172,1113,Wally Mart 3,2006/3/12,台中營一部,日用品,濾水器,Pro-Lite Water Filter,60500,190,20,3382
24,1001,Montreal.,2005/3/12,高雄營二部,男裝,西裝,Star Gazer-2,40101,518,2,859.88
24,1001,Montreal.,2005/3/12,高雄營二部,男裝,男鞋,皮鞋,40401,111,37,3244.53
24,1001,Montreal.,2005/3/12,高雄營二部,男裝,男鞋,運動鞋,40402,54,62,3314.52
24,1001,Montreal.,2005/3/12,高雄營二部,女裝,內衣,GO Sport  Bag,50100,28,16,385.28
24,1001,Montreal.,2005/3/12,高雄營二部,日用品,再生用品,EnviroSak,60200,6,11,58.08
24,1001,Montreal.,2005/3/12,高雄營二部,日用品,沐浴用品,RiverKind Soap,60301,11,159,1469.16
67,1001,Montreal.,2005/7/30,高雄營二部,男裝,西裝,Star Gazer-2,40101,518,7,2973.32
67,1001,Montreal.,2005/7/30,高雄營二部,男裝,褲子,短褲,40302,18,25,364.5
67,1001,Montreal.,2005/7/30,高雄營二部,女裝,內褲,GO Water Bottle,50203,8,64,424.96
67,1001,Montreal.,2005/7/30,高雄營二部,日用品,再生用品,Enviro-T,60202,30,124,3645.6
67,1001,Montreal.,2005/7/30,高雄營二部,日用品,濾水器,Pocket Water Filter,60501,270,14,3061.8
31,1024,Laperier Sportifs 5,2005/11/23,高雄營二部,男裝,西裝,Star Lite,40100,165,1,133.65
31,1024,Laperier Sportifs 5,2005/11/23,高雄營二部,男裝,西裝,Star Gazer-3,40102,555,3,1581.75
31,1024,Laperier Sportifs 5,2005/11/23,高雄營二部,男裝,男鞋,運動鞋,40402,54,7,291.06
31,1024,Laperier Sportifs 5,2005/11/23,高雄營二部,女裝,內衣,GO Duffel Bag,50102,56,80,4435.2
31,1024,Laperier Sportifs 5,2005/11/23,高雄營二部,日用品,再生用品,EnviroSak,60200,6,87,459.36
31,1024,Laperier Sportifs 5,2005/11/23,高雄營二部,日用品,防曬油,Sun Shelter-15,60401,9,315,2239.65
176,1033,Supras Camping Supplies 3,2006/6/21,高雄營二部,男裝,帽子,鴨嘴帽,40201,123,9,896.67
176,1033,Supras Camping Supplies 3,2006/6/21,高雄營二部,男裝,男鞋,拖鞋,40403,22,50,836
176,1033,Supras Camping Supplies 3,2006/6/21,高雄營二部,女裝,內褲,GO Wristband,50202,9,64,535.68
176,1033,Supras Camping Supplies 3,2006/6/21,高雄營二部,日用品,再生用品,Enviro-T,60202,33,30,841.5
176,1033,Supras Camping Supplies 3,2006/6/21,高雄營二部,日用品,防曬油,Sun Shelter-15,60401,11,375,3960
176,1033,Supras Camping Supplies 3,2006/6/21,高雄營二部,日用品,防曬油,Sun Shelter-30,60402,11,348,3560.04
123,1042,Vacation Central 4,2006/1/18,高雄營二部,男裝,西裝,Star Gazer-3,40102,500,19,8360
123,1042,Vacation Central 4,2006/1/18,高雄營二部,女裝,內衣,GO Sport  Bag,50100,31,64,1686.4
123,1042,Vacation Central 4,2006/1/18,高雄營二部,日用品,警報器,Pocket U.V. Alerter,60100,10,62,533.2
123,1042,Vacation Central 4,2006/1/18,高雄營二部,日用品,沐浴用品,RiverKind Shampoo,60300,11,422,3574.34
220,1042,Vacation Central 4,2005/10/21,高雄營二部,男裝,西裝,Star Gazer-3,40102,555,10,5272.5
220,1042,Vacation Central 4,2005/10/21,高雄營二部,男裝,西裝,StarDome,40103,615,10,5842.5
54,1048,Supras Camping Supplies 5,2005/11/10,高雄營二部,男裝,帽子,鴨嘴帽,40201,129,13,1643.46
54,1048,Supras Camping Supplies 5,2005/11/10,高雄營二部,男裝,褲子,西褲,40301,131,4,503.04
54,1048,Supras Camping Supplies 5,2005/11/10,高雄營二部,男裝,男鞋,拖鞋,40403,21,32,537.6
54,1048,Supras Camping Supplies 5,2005/11/10,高雄營二部,女裝,內衣,GO Ski Gear Bag,50101,32,80,2278.4
54,1048,Supras Camping Supplies 5,2005/11/10,高雄營二部,日用品,警報器,Pocket U.V. Alerter,60100,9,124,1015.56
54,1048,Supras Camping Supplies 5,2005/11/10,高雄營二部,日用品,防曬油,Sun Shelter-30,60402,9,504,3402
145,1048,Supras Camping Supplies 5,2006/9/24,高雄營二部,男裝,西裝,獵裝,40202,80,8,544
145,1048,Supras Camping Supplies 5,2006/9/24,高雄營二部,男裝,男鞋,雨鞋,40400,68,67,4145.96
145,1048,Supras Camping Supplies 5,2006/9/24,高雄營二部,女裝,內褲,GO Wristband,50202,9,80,604.8
145,1048,Supras Camping Supplies 5,2006/9/24,高雄營二部,日用品,沐浴用品,RiverKind Shampoo,60300,11,192,2006.4
145,1048,Supras Camping Supplies 5,2006/9/24,高雄營二部,日用品,沐浴用品,RiverKind Detergent,60302,8,192,1428.48
145,1048,Supras Camping Supplies 5,2006/9/24,高雄營二部,日用品,濾水器,Pocket Water Filter,60501,311,14,3657.36
149,1048,Supras Camping Supplies 5,2006/4/25,高雄營二部,男裝,西裝,Star Gazer-2,40101,466,1,386.78
149,1048,Supras Camping Supplies 5,2006/4/25,高雄營二部,男裝,帽子,鴨嘴帽,40201,123,8,895.44
149,1048,Supras Camping Supplies 5,2006/4/25,高雄營二部,女裝,內褲,GO Water Bottle,50203,8,80,524.8
149,1048,Supras Camping Supplies 5,2006/4/25,高雄營二部,日用品,警報器,Pocket U.V. Alerter,60100,10,101,999.9
149,1048,Supras Camping Supplies 5,2006/4/25,高雄營二部,日用品,再生用品,Enviro-T,60202,33,6,178.2
149,1048,Supras Camping Supplies 5,2006/4/25,高雄營二部,日用品,防曬油,Sun Shelter-8,60400,6,244,1259.04
180,1067,Andes Camping Supplies 1,2006/4/16,高雄營二部,男裝,帽子,鴨嘴帽,40201,123,10,984
180,1067,Andes Camping Supplies 1,2006/4/16,高雄營二部,男裝,男鞋,雨鞋,40400,68,75,4947
180,1067,Andes Camping Supplies 1,2006/4/16,高雄營二部,女裝,內衣,GO Duffel Bag,50102,62,32,1765.76
180,1067,Andes Camping Supplies 1,2006/4/16,高雄營二部,日用品,沐浴用品,RiverKind Soap,60301,13,50,500.5
180,1067,Andes Camping Supplies 1,2006/4/16,高雄營二部,日用品,濾水器,Pro-Lite Water Filter,60500,190,5,769.5
180,1067,Andes Camping Supplies 1,2006/4/16,高雄營二部,日用品,濾水器,Pocket Water Filter,60501,311,30,8117.1
213,1067,Andes Camping Supplies 1,2006/9/3,高雄營二部,男裝,帽子,扁帽,40200,114,4,428.64
213,1067,Andes Camping Supplies 1,2006/9/3,高雄營二部,男裝,西裝,獵裝,40202,80,2,123.2
213,1067,Andes Camping Supplies 1,2006/9/3,高雄營二部,女裝,內褲,GO Water Bottle,50203,8,32,243.2
213,1067,Andes Camping Supplies 1,2006/9/3,高雄營二部,日用品,警報器,Microwave Detective,60101,13,107,1098.89
213,1067,Andes Camping Supplies 1,2006/9/3,高雄營二部,日用品,再生用品,EnviroSak,60200,7,24,137.76
213,1067,Andes Camping Supplies 1,2006/9/3,高雄營二部,日用品,濾水器,Pro-Lite Water Filter,60500,190,12,1778.4
157,1069,Andes Camping Supplies 3,2006/11/29,高雄營二部,男裝,褲子,短褲,40302,19,19,346.56
157,1069,Andes Camping Supplies 3,2006/11/29,高雄營二部,男裝,男鞋,拖鞋,40403,22,25,423.5
157,1069,Andes Camping Supplies 3,2006/11/29,高雄營二部,女裝,內衣,GO Duffel Bag,50102,62,64,3610.88
157,1069,Andes Camping Supplies 3,2006/11/29,高雄營二部,日用品,沐浴用品,RiverKind Detergent,60302,8,422,3240.96
157,1069,Andes Camping Supplies 3,2006/11/29,高雄營二部,日用品,濾水器,Pocket Water Filter,60501,311,1,289.23
199,1069,Andes Camping Supplies 3,2006/11/9,高雄營二部,男裝,帽子,扁帽,40200,114,10,1094.4
199,1069,Andes Camping Supplies 3,2006/11/9,高雄營二部,男裝,男鞋,皮鞋,40401,117,12,1151.28
199,1069,Andes Camping Supplies 3,2006/11/9,高雄營二部,女裝,內褲,GO Wristband,50202,9,48,367.2
199,1069,Andes Camping Supplies 3,2006/11/9,高雄營二部,日用品,再生用品,Enviro-Kit,60201,13,24,243.36
199,1069,Andes Camping Supplies 3,2006/11/9,高雄營二部,日用品,沐浴用品,RiverKind Detergent,60302,8,79,492.96
199,1069,Andes Camping Supplies 3,2006/11/9,高雄營二部,日用品,防曬油,Sun Shelter-30,60402,11,148,1221
13,1092,Clear Valley Waters 2,2005/2/17,高雄營二部,男裝,西裝,Star Gazer-3,40102,555,8,3862.8
13,1092,Clear Valley Waters 2,2005/2/17,高雄營二部,男裝,褲子,休閒褲,40300,14,1,10.64
13,1092,Clear Valley Waters 2,2005/2/17,高雄營二部,男裝,褲子,西褲,40301,131,4,503.04
13,1092,Clear Valley Waters 2,2005/2/17,高雄營二部,女裝,內衣,GO Duffel Bag,50102,56,48,2284.8
13,1092,Clear Valley Waters 2,2005/2/17,高雄營二部,日用品,警報器,Microwave Detective,60101,12,87,929.16
13,1092,Clear Valley Waters 2,2005/2/17,高雄營二部,日用品,再生用品,EnviroSak,60200,6,74,439.56
106,1092,Clear Valley Waters 2,2006/1/23,高雄營二部,男裝,西裝,StarDome,40103,554,3,1379.46
106,1092,Clear Valley Waters 2,2006/1/23,高雄營二部,男裝,男鞋,運動鞋,40402,57,25,1353.75
106,1092,Clear Valley Waters 2,2006/1/23,高雄營二部,女裝,內褲,GO Wristband,50202,9,32,256.32
106,1092,Clear Valley Waters 2,2006/1/23,高雄營二部,日用品,沐浴用品,RiverKind Soap,60301,13,422,4498.52
106,1092,Clear Valley Waters 2,2006/1/23,高雄營二部,日用品,濾水器,Pro-Lite Water Filter,60500,190,1,153.9
254,1092,Clear Valley Waters 2,2005/4/30,高雄營二部,日用品,濾水器,Pro-Lite Water Filter,60500,165,20,1815
255,1092,Clear Valley Waters 2,2006/12/2,高雄營二部,女裝,內衣,GO Sport  Bag,50100,28,400,6160
5,1093,Clear Valley Waters 3,2005/9/3,高雄營二部,男裝,西裝,Star Gazer-3,40102,555,4,1687.2
5,1093,Clear Valley Waters 3,2005/9/3,高雄營二部,女裝,內褲,GO Wristband,50202,8,32,199.68
5,1093,Clear Valley Waters 3,2005/9/3,高雄營二部,日用品,警報器,Pocket U.V. Alerter,60100,9,24,196.56
5,1093,Clear Valley Waters 3,2005/9/3,高雄營二部,日用品,防曬油,Sun Shelter-8,60400,6,188,1003.92
19,1093,Clear Valley Waters 3,2005/7/19,高雄營二部,男裝,西裝,Star Gazer-3,40102,555,3,1581.75
19,1093,Clear Valley Waters 3,2005/7/19,高雄營二部,男裝,西裝,獵裝,40202,84,19,1516.2
19,1093,Clear Valley Waters 3,2005/7/19,高雄營二部,男裝,褲子,運動褲,40303,24,25,528
19,1093,Clear Valley Waters 3,2005/7/19,高雄營二部,女裝,內褲,GO Headband,50201,10,32,240
19,1093,Clear Valley Waters 3,2005/7/19,高雄營二部,日用品,再生用品,Enviro-Kit,60201,12,49,470.4
19,1093,Clear Valley Waters 3,2005/7/19,高雄營二部,日用品,防曬油,Sun Shelter-8,60400,6,62,297.6
68,1093,Clear Valley Waters 3,2005/7/28,高雄營二部,男裝,西裝,Star Gazer-2,40101,518,2,953.12
68,1093,Clear Valley Waters 3,2005/7/28,高雄營二部,男裝,男鞋,雨鞋,40400,65,13,743.6
68,1093,Clear Valley Waters 3,2005/7/28,高雄營二部,男裝,男鞋,拖鞋,40403,21,66,1067.22
68,1093,Clear Valley Waters 3,2005/7/28,高雄營二部,女裝,內褲,GO Water Bottle,50203,8,16,98.56
68,1093,Clear Valley Waters 3,2005/7/28,高雄營二部,日用品,沐浴用品,RiverKind Soap,60301,11,482,4082.54
68,1093,Clear Valley Waters 3,2005/7/28,高雄營二部,日用品,沐浴用品,RiverKind Detergent,60302,6,353,1948.56
50,1108,New Wave Wilderness 2,2005/9/19,高雄營二部,男裝,帽子,鴨嘴帽,40201,129,7,830.76
50,1108,New Wave Wilderness 2,2005/9/19,高雄營二部,男裝,褲子,運動褲,40303,24,25,570
50,1108,New Wave Wilderness 2,2005/9/19,高雄營二部,男裝,男鞋,運動鞋,40402,54,37,1598.4
50,1108,New Wave Wilderness 2,2005/9/19,高雄營二部,女裝,內褲,GO Headband,50201,10,80,776
50,1108,New Wave Wilderness 2,2005/9/19,高雄營二部,日用品,警報器,Pocket U.V. Alerter,60100,9,74,526.14
50,1108,New Wave Wilderness 2,2005/9/19,高雄營二部,日用品,濾水器,Pro-Lite Water Filter,60500,165,24,3326.4
108,1108,New Wave Wilderness 2,2006/9/16,高雄營二部,男裝,褲子,休閒褲,40300,14,3,32.76
108,1108,New Wave Wilderness 2,2006/9/16,高雄營二部,女裝,內褲,GO Water Bottle,50203,8,64,399.36
108,1108,New Wave Wilderness 2,2006/9/16,高雄營二部,日用品,警報器,Pocket Radon Alerter,60102,43,20,670.8
108,1108,New Wave Wilderness 2,2006/9/16,高雄營二部,日用品,沐浴用品,RiverKind Soap,60301,13,50,578.5
108,1108,New Wave Wilderness 2,2006/9/16,高雄營二部,日用品,濾水器,Pro-Lite Water Filter,60500,190,12,1915.2
119,1108,New Wave Wilderness 2,2006/4/1,高雄營二部,男裝,褲子,休閒褲,40300,14,9,103.32
119,1108,New Wave Wilderness 2,2006/4/1,高雄營二部,男裝,男鞋,雨鞋,40400,68,7,461.72
119,1108,New Wave Wilderness 2,2006/4/1,高雄營二部,女裝,內褲,GO Wristband,50202,9,32,250.56
119,1108,New Wave Wilderness 2,2006/4/1,高雄營二部,日用品,警報器,Microwave Detective,60101,13,12,148.2
119,1108,New Wave Wilderness 2,2006/4/1,高雄營二部,日用品,再生用品,EnviroSak,60200,7,2,11.2
119,1108,New Wave Wilderness 2,2006/4/1,高雄營二部,日用品,防曬油,Sun Shelter-8,60400,6,12,69.84
63,1118,Kay Mart 4,2005/2/17,高雄營二部,男裝,帽子,扁帽,40200,120,22,2323.2
63,1118,Kay Mart 4,2005/2/17,高雄營二部,男裝,西裝,獵裝,40202,84,16,1102.08
63,1118,Kay Mart 4,2005/2/17,高雄營二部,男裝,褲子,休閒褲,40300,14,4,45.36
63,1118,Kay Mart 4,2005/2/17,高雄營二部,女裝,內衣,GO Duffel Bag,50102,56,80,4256
63,1118,Kay Mart 4,2005/2/17,高雄營二部,日用品,警報器,Microwave Detective,60101,12,36,414.72
63,1118,Kay Mart 4,2005/2/17,高雄營二部,日用品,防曬油,Sun Shelter-30,60402,9,124,1093.68
151,1132,Excellence en Montagne,2006/6/26,高雄營二部,男裝,西裝,Star Gazer-2,40101,466,10,3867.8
151,1132,Excellence en Montagne,2006/6/26,高雄營二部,男裝,西裝,獵裝,40202,80,12,825.6
151,1132,Excellence en Montagne,2006/6/26,高雄營二部,女裝,內褲,GO Water Bottle,50203,8,64,486.4
151,1132,Excellence en Montagne,2006/6/26,高雄營二部,日用品,再生用品,Enviro-T,60202,33,24,633.6
151,1132,Excellence en Montagne,2006/6/26,高雄營二部,日用品,濾水器,Pro-Lite Water Filter,60500,190,28,4734.8
113,1041,Vacation Central 3,2006/2/22,台中營三部,男裝,西裝,Star Gazer-3,40102,500,19,8835
113,1041,Vacation Central 3,2006/2/22,台中營三部,男裝,西裝,獵裝,40202,80,7,492.8
113,1041,Vacation Central 3,2006/2/22,台中營三部,女裝,內褲,GO Water Bottle,50203,8,32,217.6
113,1041,Vacation Central 3,2006/2/22,台中營三部,日用品,警報器,Microwave Detective,60101,13,5,57.2
113,1041,Vacation Central 3,2006/2/22,台中營三部,日用品,再生用品,Enviro-Kit,60201,13,30,339.3
113,1041,Vacation Central 3,2006/2/22,台中營三部,日用品,再生用品,Enviro-T,60202,33,6,166.32
210,1041,Vacation Central 3,2006/2/26,台中營三部,男裝,西裝,Star Gazer-3,40102,500,3,1440
210,1041,Vacation Central 3,2006/2/26,台中營三部,男裝,褲子,西褲,40301,138,6,794.88
210,1041,Vacation Central 3,2006/2/26,台中營三部,女裝,內衣,GO Sport  Bag,50100,31,32,813.44
210,1041,Vacation Central 3,2006/2/26,台中營三部,日用品,再生用品,EnviroSak,60200,7,16,103.04
210,1041,Vacation Central 3,2006/2/26,台中營三部,日用品,再生用品,Enviro-T,60202,33,3,83.16
210,1041,Vacation Central 3,2006/2/26,台中營三部,日用品,沐浴用品,RiverKind Shampoo,60300,11,389,3465.99
33,1041,Vacation Central 3,2005/4/16,台中營三部,男裝,褲子,西褲,40301,131,3,326.19
33,1041,Vacation Central 3,2005/4/16,台中營三部,男裝,褲子,短褲,40302,18,7,94.5
33,1041,Vacation Central 3,2005/4/16,台中營三部,男裝,男鞋,拖鞋,40403,21,62,1067.64
33,1041,Vacation Central 3,2005/4/16,台中營三部,女裝,內褲,GO Wristband,50202,8,32,245.76
33,1041,Vacation Central 3,2005/4/16,台中營三部,日用品,警報器,Pocket Radon Alerter,60102,39,62,2345.46
33,1041,Vacation Central 3,2005/4/16,台中營三部,日用品,濾水器,Pro-Lite Water Filter,60500,165,24,3168
127,1041,Vacation Central 3,2006/11/20,台中營三部,男裝,男鞋,皮鞋,40401,117,10,994.5
127,1041,Vacation Central 3,2006/11/20,台中營三部,男裝,男鞋,運動鞋,40402,57,37,1602.84
127,1041,Vacation Central 3,2006/11/20,台中營三部,女裝,內衣,GO Sport  Bag,50100,31,32,823.36
127,1041,Vacation Central 3,2006/11/20,台中營三部,日用品,再生用品,Enviro-T,60202,33,28,877.8
127,1041,Vacation Central 3,2006/11/20,台中營三部,日用品,防曬油,Sun Shelter-30,60402,11,45,415.8
127,1041,Vacation Central 3,2006/11/20,台中營三部,日用品,濾水器,Pro-Lite Water Filter,60500,190,28,4681.6
129,1041,Vacation Central 3,2006/1/26,台中營三部,男裝,西裝,Star Gazer-2,40101,466,10,4147.4
129,1041,Vacation Central 3,2006/1/26,台中營三部,男裝,褲子,運動褲,40303,25,25,581.25
129,1041,Vacation Central 3,2006/1/26,台中營三部,女裝,內衣,GO Ski Gear Bag,50101,35,80,2688
129,1041,Vacation Central 3,2006/1/26,台中營三部,日用品,警報器,Pocket U.V. Alerter,60100,10,29,263.9
129,1041,Vacation Central 3,2006/1/26,台中營三部,日用品,沐浴用品,RiverKind Soap,60301,13,248,2675.92
129,1041,Vacation Central 3,2006/1/26,台中營三部,日用品,防曬油,Sun Shelter-8,60400,6,49,282.24
27,1098,Paris,2005/8/18,台中營三部,男裝,西裝,Star Gazer-3,40102,555,8,4129.2
27,1098,Paris,2005/8/18,台中營三部,男裝,帽子,扁帽,40200,120,22,2428.8
27,1098,Paris,2005/8/18,台中營三部,男裝,褲子,西褲,40301,131,3,302.61
27,1098,Paris,2005/8/18,台中營三部,女裝,內衣,GO Ski Gear Bag,50101,32,48,1213.44
27,1098,Paris,2005/8/18,台中營三部,日用品,警報器,Pocket U.V. Alerter,60100,9,124,970.92
27,1098,Paris,2005/8/18,台中營三部,日用品,濾水器,Pro-Lite Water Filter,60500,165,24,3841.2
158,1098,Paris,2006/5/6,台中營三部,男裝,西裝,Star Gazer-3,40102,500,1,495
158,1098,Paris,2006/5/6,台中營三部,男裝,西裝,StarDome,40103,554,1,481.98
158,1098,Paris,2006/5/6,台中營三部,女裝,內褲,GO Water Bottle,50203,8,80,620.8
158,1098,Paris,2006/5/6,台中營三部,日用品,警報器,Pocket Radon Alerter,60102,43,53,1732.04
158,1098,Paris,2006/5/6,台中營三部,日用品,再生用品,EnviroSak,60200,7,24,166.32
158,1098,Paris,2006/5/6,台中營三部,日用品,防曬油,Sun Shelter-8,60400,6,226,1261.08
163,1098,Paris,2006/8/20,台中營三部,男裝,褲子,休閒褲,40300,14,10,114.8
163,1098,Paris,2006/8/20,台中營三部,男裝,男鞋,拖鞋,40403,22,25,484
163,1098,Paris,2006/8/20,台中營三部,女裝,內衣,GO Ski Gear Bag,50101,35,32,884.8
163,1098,Paris,2006/8/20,台中營三部,日用品,再生用品,EnviroSak,60200,7,2,10.92
163,1098,Paris,2006/8/20,台中營三部,日用品,沐浴用品,RiverKind Detergent,60302,8,50,344
163,1098,Paris,2006/8/20,台中營三部,日用品,濾水器,Pro-Lite Water Filter,60500,190,12,1983.6
22,1130,Fresh Air Lte 4,2005/8/20,台中營三部,男裝,西裝,Star Gazer-3,40102,555,8,4306.8
22,1130,Fresh Air Lte 4,2005/8/20,台中營三部,男裝,帽子,扁帽,40200,120,7,764.4
22,1130,Fresh Air Lte 4,2005/8/20,台中營三部,男裝,男鞋,拖鞋,40403,21,52,928.2
22,1130,Fresh Air Lte 4,2005/8/20,台中營三部,女裝,內衣,GO Ski Gear Bag,50101,32,64,2027.52
22,1130,Fresh Air Lte 4,2005/8/20,台中營三部,日用品,警報器,Pocket Radon Alerter,60102,39,49,1433.25
22,1130,Fresh Air Lte 4,2005/8/20,台中營三部,日用品,濾水器,Pro-Lite Water Filter,60500,165,11,1778.7
43,1130,Fresh Air Lte 4,2005/8/16,台中營三部,男裝,西裝,Star Lite,40100,165,15,2301.75
43,1130,Fresh Air Lte 4,2005/8/16,台中營三部,男裝,西裝,獵裝,40202,84,7,476.28
43,1130,Fresh Air Lte 4,2005/8/16,台中營三部,男裝,男鞋,皮鞋,40401,111,13,1255.41
43,1130,Fresh Air Lte 4,2005/8/16,台中營三部,女裝,內褲,GO Wristband,50202,8,16,113.92
43,1130,Fresh Air Lte 4,2005/8/16,台中營三部,日用品,警報器,Pocket Radon Alerter,60102,39,24,907.92
43,1130,Fresh Air Lte 4,2005/8/16,台中營三部,日用品,沐浴用品,RiverKind Soap,60301,11,427,4039.42
20,1130,Fresh Air Lte 4,2005/4/11,台中營三部,男裝,西裝,獵裝,40202,84,1,67.2
20,1130,Fresh Air Lte 4,2005/4/11,台中營三部,男裝,男鞋,皮鞋,40401,111,3,279.72
20,1130,Fresh Air Lte 4,2005/4/11,台中營三部,男裝,男鞋,拖鞋,40403,21,37,613.83
20,1130,Fresh Air Lte 4,2005/4/11,台中營三部,女裝,內衣,GO Ski Gear Bag,50101,32,48,1351.68
20,1130,Fresh Air Lte 4,2005/4/11,台中營三部,日用品,再生用品,Enviro-Kit,60201,12,49,517.44
20,1130,Fresh Air Lte 4,2005/4/11,台中營三部,日用品,防曬油,Sun Shelter-8,60400,6,442,2148.12
46,1130,Fresh Air Lte 4,2005/10/17,台中營三部,男裝,西裝,Star Gazer-2,40101,518,7,3082.1
46,1130,Fresh Air Lte 4,2005/10/17,台中營三部,男裝,帽子,扁帽,40200,120,13,1435.2
46,1130,Fresh Air Lte 4,2005/10/17,台中營三部,男裝,褲子,西褲,40301,131,4,461.12
46,1130,Fresh Air Lte 4,2005/10/17,台中營三部,女裝,內衣,GO Duffel Bag,50102,56,16,680.96
46,1130,Fresh Air Lte 4,2005/10/17,台中營三部,日用品,警報器,Pocket Radon Alerter,60102,39,62,1934.4
46,1130,Fresh Air Lte 4,2005/10/17,台中營三部,日用品,再生用品,Enviro-Kit,60201,12,36,354.24
62,1130,Fresh Air Lte 4,2005/11/1,台中營三部,男裝,西裝,StarDome,40103,615,10,4981.5
62,1130,Fresh Air Lte 4,2005/11/1,台中營三部,男裝,帽子,扁帽,40200,120,8,950.4
62,1130,Fresh Air Lte 4,2005/11/1,台中營三部,男裝,帽子,鴨嘴帽,40201,129,19,2181.39
62,1130,Fresh Air Lte 4,2005/11/1,台中營三部,女裝,內衣,GO Ski Gear Bag,50101,32,32,880.64
62,1130,Fresh Air Lte 4,2005/11/1,台中營三部,日用品,沐浴用品,RiverKind Soap,60301,11,374,3990.58
62,1130,Fresh Air Lte 4,2005/11/1,台中營三部,日用品,防曬油,Sun Shelter-8,60400,6,568,2556
120,1130,Fresh Air Lte 4,2006/12/27,台中營三部,男裝,褲子,短褲,40302,19,4,63.84
120,1130,Fresh Air Lte 4,2006/12/27,台中營三部,男裝,男鞋,運動鞋,40402,57,56,2553.6
120,1130,Fresh Air Lte 4,2006/12/27,台中營三部,女裝,內褲,GO Headband,50201,11,48,406.56
120,1130,Fresh Air Lte 4,2006/12/27,台中營三部,日用品,警報器,Pocket Radon Alerter,60102,43,29,1072.42
120,1130,Fresh Air Lte 4,2006/12/27,台中營三部,日用品,再生用品,EnviroSak,60200,7,7,38.71
120,1130,Fresh Air Lte 4,2006/12/27,台中營三部,日用品,防曬油,Sun Shelter-8,60400,6,49,255.78
215,1006,Bergsteiger G.m.b.H.,2006/4/21,台中營二部,男裝,男鞋,運動鞋,40402,57,18,964.44
215,1006,Bergsteiger G.m.b.H.,2006/4/21,台中營二部,男裝,男鞋,拖鞋,40403,22,12,229.68
215,1006,Bergsteiger G.m.b.H.,2006/4/21,台中營二部,女裝,內褲,GO Headband,50201,11,16,146.08
215,1006,Bergsteiger G.m.b.H.,2006/4/21,台中營二部,日用品,再生用品,Enviro-T,60202,33,7,210.21
215,1006,Bergsteiger G.m.b.H.,2006/4/21,台中營二部,日用品,防曬油,Sun Shelter-30,60402,11,171,1711.71
215,1006,Bergsteiger G.m.b.H.,2006/4/21,台中營二部,日用品,濾水器,Pro-Lite Water Filter,60500,190,12,2006.4
25,1037,Ultra Sports 3,2005/12/16,台中營二部,男裝,褲子,運動褲,40303,24,15,306
25,1037,Ultra Sports 3,2005/12/16,台中營二部,男裝,男鞋,雨鞋,40400,65,22,1201.2
25,1037,Ultra Sports 3,2005/12/16,台中營二部,男裝,男鞋,拖鞋,40403,21,16,305.76
25,1037,Ultra Sports 3,2005/12/16,台中營二部,女裝,內褲,GO Headband,50201,10,64,633.6
25,1037,Ultra Sports 3,2005/12/16,台中營二部,日用品,再生用品,Enviro-T,60202,30,87,2140.2
25,1037,Ultra Sports 3,2005/12/16,台中營二部,日用品,防曬油,Sun Shelter-15,60401,9,631,5622.21
124,1037,Ultra Sports 3,2006/10/21,台中營二部,男裝,帽子,鴨嘴帽,40201,123,9,874.53
124,1037,Ultra Sports 3,2006/10/21,台中營二部,男裝,西裝,獵裝,40202,80,12,758.4
124,1037,Ultra Sports 3,2006/10/21,台中營二部,女裝,內褲,GO Headband,50201,11,16,170.72
124,1037,Ultra Sports 3,2006/10/21,台中營二部,日用品,再生用品,EnviroSak,60200,7,19,119.7
124,1037,Ultra Sports 3,2006/10/21,台中營二部,日用品,沐浴用品,RiverKind Soap,60301,13,106,1047.28
124,1037,Ultra Sports 3,2006/10/21,台中營二部,日用品,防曬油,Sun Shelter-30,60402,11,348,3483.48
211,1037,Ultra Sports 3,2006/8/1,台中營二部,男裝,西裝,獵裝,40202,80,3,220.8
211,1037,Ultra Sports 3,2006/8/1,台中營二部,男裝,褲子,運動褲,40303,25,21,514.5
211,1037,Ultra Sports 3,2006/8/1,台中營二部,女裝,內衣,GO Duffel Bag,50102,62,16,952.32
211,1037,Ultra Sports 3,2006/8/1,台中營二部,日用品,再生用品,Enviro-Kit,60201,13,6,62.4
211,1037,Ultra Sports 3,2006/8/1,台中營二部,日用品,再生用品,Enviro-T,60202,33,7,224.07
211,1037,Ultra Sports 3,2006/8/1,台中營二部,日用品,防曬油,Sun Shelter-15,60401,11,148,1253.56
56,1051,Sportwaren G.m.b.H. 1,2005/12/10,台中營二部,男裝,帽子,扁帽,40200,120,16,1574.4
56,1051,Sportwaren G.m.b.H. 1,2005/12/10,台中營二部,男裝,帽子,鴨嘴帽,40201,129,1,125.13
56,1051,Sportwaren G.m.b.H. 1,2005/12/10,台中營二部,男裝,男鞋,雨鞋,40400,65,37,2020.2
56,1051,Sportwaren G.m.b.H. 1,2005/12/10,台中營二部,女裝,內褲,GO Water Bottle,50203,8,48,318.72
56,1051,Sportwaren G.m.b.H. 1,2005/12/10,台中營二部,日用品,警報器,Pocket U.V. Alerter,60100,9,11,84.15
56,1051,Sportwaren G.m.b.H. 1,2005/12/10,台中營二部,日用品,沐浴用品,RiverKind Detergent,60302,6,403,1837.68
139,1051,Sportwaren G.m.b.H. 1,2006/1/8,台中營二部,男裝,褲子,短褲,40302,19,2,34.58
139,1051,Sportwaren G.m.b.H. 1,2006/1/8,台中營二部,男裝,男鞋,雨鞋,40400,68,67,4100.4
139,1051,Sportwaren G.m.b.H. 1,2006/1/8,台中營二部,女裝,內衣,GO Ski Gear Bag,50101,35,48,1562.4
139,1051,Sportwaren G.m.b.H. 1,2006/1/8,台中營二部,日用品,再生用品,Enviro-T,60202,33,6,162.36
139,1051,Sportwaren G.m.b.H. 1,2006/1/8,台中營二部,日用品,沐浴用品,RiverKind Shampoo,60300,11,422,3713.6
139,1051,Sportwaren G.m.b.H. 1,2006/1/8,台中營二部,日用品,沐浴用品,RiverKind Detergent,60302,8,279,1718.64
197,1052,Sportwaren G.m.b.H. 2,2006/6/23,台中營二部,男裝,西裝,Star Gazer-2,40101,466,2,736.28
197,1052,Sportwaren G.m.b.H. 2,2006/6/23,台中營二部,男裝,帽子,扁帽,40200,114,2,184.68
197,1052,Sportwaren G.m.b.H. 2,2006/6/23,台中營二部,女裝,內衣,GO Duffel Bag,50102,62,48,2618.88
197,1052,Sportwaren G.m.b.H. 2,2006/6/23,台中營二部,日用品,沐浴用品,RiverKind Shampoo,60300,11,50,451
197,1052,Sportwaren G.m.b.H. 2,2006/6/23,台中營二部,日用品,防曬油,Sun Shelter-15,60401,11,20,215.6
209,1053,Sportwaren G.m.b.H. 3,2006/10/11,台中營二部,男裝,西裝,Star Lite,40100,193,78,14301.3
209,1053,Sportwaren G.m.b.H. 3,2006/10/11,台中營二部,男裝,帽子,扁帽,40200,114,2,171
209,1053,Sportwaren G.m.b.H. 3,2006/10/11,台中營二部,女裝,內褲,GO Wristband,50202,9,16,113.76
209,1053,Sportwaren G.m.b.H. 3,2006/10/11,台中營二部,日用品,再生用品,Enviro-Kit,60201,13,16,158.08
209,1053,Sportwaren G.m.b.H. 3,2006/10/11,台中營二部,日用品,沐浴用品,RiverKind Detergent,60302,8,389,2365.12
209,1053,Sportwaren G.m.b.H. 3,2006/10/11,台中營二部,日用品,防曬油,Sun Shelter-15,60401,11,72,673.2
217,1053,Sportwaren G.m.b.H. 3,2006/7/30,台中營二部,男裝,西裝,Star Gazer-3,40102,500,3,1125
217,1053,Sportwaren G.m.b.H. 3,2006/7/30,台中營二部,男裝,西裝,獵裝,40202,80,8,614.4
217,1053,Sportwaren G.m.b.H. 3,2006/7/30,台中營二部,女裝,內衣,GO Ski Gear Bag,50101,35,48,1428
217,1053,Sportwaren G.m.b.H. 3,2006/7/30,台中營二部,日用品,警報器,Pocket Radon Alerter,60102,43,5,189.2
217,1053,Sportwaren G.m.b.H. 3,2006/7/30,台中營二部,日用品,沐浴用品,RiverKind Shampoo,60300,11,192,1689.6
217,1053,Sportwaren G.m.b.H. 3,2006/7/30,台中營二部,日用品,濾水器,Pro-Lite Water Filter,60500,190,28,3990
48,1054,Supras Camping Supplies 8,2005/2/24,台中營二部,男裝,西裝,Star Lite,40100,165,40,6534
48,1054,Supras Camping Supplies 8,2005/2/24,台中營二部,男裝,西裝,Star Gazer-2,40101,518,1,466.2
48,1054,Supras Camping Supplies 8,2005/2/24,台中營二部,男裝,男鞋,雨鞋,40400,65,62,3264.3
48,1054,Supras Camping Supplies 8,2005/2/24,台中營二部,女裝,內衣,GO Ski Gear Bag,50101,32,16,424.96
48,1054,Supras Camping Supplies 8,2005/2/24,台中營二部,日用品,再生用品,Enviro-Kit,60201,12,111,1212.12
48,1054,Supras Camping Supplies 8,2005/2/24,台中營二部,日用品,防曬油,Sun Shelter-15,60401,9,568,4856.4
136,1054,Supras Camping Supplies 8,2006/7/8,台中營二部,男裝,男鞋,雨鞋,40400,68,21,1199.52
136,1054,Supras Camping Supplies 8,2006/7/8,台中營二部,男裝,男鞋,皮鞋,40401,117,12,1081.08
136,1054,Supras Camping Supplies 8,2006/7/8,台中營二部,女裝,內衣,GO Duffel Bag,50102,62,32,1825.28
136,1054,Supras Camping Supplies 8,2006/7/8,台中營二部,日用品,警報器,Pocket U.V. Alerter,60100,10,62,514.6
136,1054,Supras Camping Supplies 8,2006/7/8,台中營二部,日用品,沐浴用品,RiverKind Shampoo,60300,11,248,2591.6
136,1054,Supras Camping Supplies 8,2006/7/8,台中營二部,日用品,防曬油,Sun Shelter-30,60402,11,273,2642.64
203,1054,Supras Camping Supplies 8,2006/7/20,台中營二部,男裝,西裝,獵裝,40202,80,2,148.8
203,1054,Supras Camping Supplies 8,2006/7/20,台中營二部,男裝,男鞋,拖鞋,40403,22,43,898.7
203,1054,Supras Camping Supplies 8,2006/7/20,台中營二部,女裝,內褲,GO Water Bottle,50203,8,32,250.88
203,1054,Supras Camping Supplies 8,2006/7/20,台中營二部,日用品,警報器,Microwave Detective,60101,13,38,370.5
203,1054,Supras Camping Supplies 8,2006/7/20,台中營二部,日用品,沐浴用品,RiverKind Shampoo,60300,11,165,1633.5
203,1054,Supras Camping Supplies 8,2006/7/20,台中營二部,日用品,防曬油,Sun Shelter-30,60402,11,122,1328.58
6,1119,Frankfurt,2005/7/9,台中營二部,男裝,西裝,Star Gazer-2,40101,518,20,8598.8
6,1119,Frankfurt,2005/7/9,台中營二部,男裝,帽子,扁帽,40200,120,7,764.4
6,1119,Frankfurt,2005/7/9,台中營二部,男裝,男鞋,拖鞋,40403,21,37,668.22
6,1119,Frankfurt,2005/7/9,台中營二部,女裝,內衣,GO Ski Gear Bag,50101,32,48,1228.8
6,1119,Frankfurt,2005/7/9,台中營二部,日用品,警報器,Pocket Radon Alerter,60102,39,36,1361.88
6,1119,Frankfurt,2005/7/9,台中營二部,日用品,防曬油,Sun Shelter-30,60402,9,188,1269
231,1119,Frankfurt,2005/5/1,台中營二部,女裝,內衣,GO Sport  Bag,50100,28,100,1540
52,1022,Kay Mart 5,2005/12/8,台南營三部,男裝,帽子,鴨嘴帽,40201,129,13,1542.84
52,1022,Kay Mart 5,2005/12/8,台南營三部,男裝,西裝,獵裝,40202,84,16,1142.4
52,1022,Kay Mart 5,2005/12/8,台南營三部,男裝,男鞋,雨鞋,40400,65,52,3075.8
52,1022,Kay Mart 5,2005/12/8,台南營三部,女裝,內褲,GO Headband,50201,10,80,792
52,1022,Kay Mart 5,2005/12/8,台南營三部,日用品,再生用品,Enviro-Kit,60201,12,62,639.84
52,1022,Kay Mart 5,2005/12/8,台南營三部,日用品,沐浴用品,RiverKind Detergent,60302,6,301,1408.68
235,1022,Kay Mart 5,2005/9/24,台南營三部,女裝,內衣,GO Duffel Bag,50102,56,40,1232
236,1022,Kay Mart 5,2006/1/10,台南營三部,日用品,警報器,Pocket Radon Alerter,60102,39,100,2145
240,1022,Kay Mart 5,2006/4/20,台南營三部,日用品,防曬油,Sun Shelter-15,60401,9,200,990
241,1022,Kay Mart 5,2006/11/10,台南營三部,女裝,內衣,GO Ski Gear Bag,50101,32,200,3520
11,1036,Ultra Sports 2,2005/2/7,台南營三部,男裝,褲子,短褲,40302,18,4,59.76
11,1036,Ultra Sports 2,2005/2/7,台南營三部,男裝,男鞋,皮鞋,40401,111,28,2579.64
11,1036,Ultra Sports 2,2005/2/7,台南營三部,男裝,男鞋,拖鞋,40403,21,37,613.83
11,1036,Ultra Sports 2,2005/2/7,台南營三部,女裝,內衣,GO Duffel Bag,50102,56,80,3449.6
11,1036,Ultra Sports 2,2005/2/7,台南營三部,日用品,警報器,Pocket U.V. Alerter,60100,9,49,423.36
11,1036,Ultra Sports 2,2005/2/7,台南營三部,日用品,沐浴用品,RiverKind Soap,60301,11,266,2750.44
34,1036,Ultra Sports 2,2005/5/3,台南營三部,男裝,西裝,Star Lite,40100,165,18,2286.9
34,1036,Ultra Sports 2,2005/5/3,台南營三部,男裝,帽子,鴨嘴帽,40201,129,8,815.28
34,1036,Ultra Sports 2,2005/5/3,台南營三部,男裝,男鞋,運動鞋,40402,54,42,2177.28
34,1036,Ultra Sports 2,2005/5/3,台南營三部,女裝,內褲,GO Water Bottle,50203,8,48,307.2
34,1036,Ultra Sports 2,2005/5/3,台南營三部,日用品,沐浴用品,RiverKind Detergent,60302,6,150,810
34,1036,Ultra Sports 2,2005/5/3,台南營三部,日用品,濾水器,Pocket Water Filter,60501,270,31,7700.4
238,1036,Ultra Sports 2,2005/4/12,台南營三部,女裝,內衣,GO Ski Gear Bag,50101,32,200,3520
239,1036,Ultra Sports 2,2006/7/20,台南營三部,女裝,內衣,GO Duffel Bag,50102,56,75,2310
7,1008,Botanechi K.K.,2005/3/25,台南營四部,男裝,西裝,Star Lite,40100,165,1,150.15
7,1008,Botanechi K.K.,2005/3/25,台南營四部,男裝,西裝,Star Gazer-2,40101,518,1,512.82
7,1008,Botanechi K.K.,2005/3/25,台南營四部,男裝,西裝,Star Gazer-3,40102,555,1,527.25
7,1008,Botanechi K.K.,2005/3/25,台南營四部,女裝,內衣,GO Ski Gear Bag,50101,32,80,2483.2
7,1008,Botanechi K.K.,2005/3/25,台南營四部,日用品,沐浴用品,RiverKind Soap,60301,11,321,2718.87
7,1008,Botanechi K.K.,2005/3/25,台南營四部,日用品,防曬油,Sun Shelter-30,60402,9,252,1701
109,1008,Botanechi K.K.,2006/3/22,台南營四部,男裝,西裝,Star Lite,40100,193,133,22845.41
109,1008,Botanechi K.K.,2006/3/22,台南營四部,男裝,帽子,扁帽,40200,114,9,1005.48
109,1008,Botanechi K.K.,2006/3/22,台南營四部,女裝,內褲,GO Water Bottle,50203,8,64,389.12
109,1008,Botanechi K.K.,2006/3/22,台南營四部,日用品,警報器,Microwave Detective,60101,13,12,140.4
109,1008,Botanechi K.K.,2006/3/22,台南營四部,日用品,濾水器,Pro-Lite Water Filter,60500,190,28,4362.4
109,1008,Botanechi K.K.,2006/3/22,台南營四部,日用品,濾水器,Pocket Water Filter,60501,311,1,267.46
243,1008,Botanechi K.K.,2005/4/13,台南營四部,日用品,警報器,Pocket U.V. Alerter,60100,9,100,495
244,1008,Botanechi K.K.,2005/7/3,台南營四部,女裝,內衣,GO Duffel Bag,50102,56,100,3080
245,1008,Botanechi K.K.,2005/10/21,台南營四部,女裝,內衣,GO Ski Gear Bag,50101,32,100,1760
246,1008,Botanechi K.K.,2006/5/25,台南營四部,日用品,濾水器,Pocket Water Filter,60501,270,20,2970
247,1008,Botanechi K.K.,2006/11/20,台南營四部,日用品,濾水器,Pro-Lite Water Filter,60500,165,20,1815
175,1059,Botanechi K.K. 1,2006/7/27,台南營四部,男裝,西裝,StarDome,40103,554,2,1052.6
175,1059,Botanechi K.K. 1,2006/7/27,台南營四部,男裝,褲子,運動褲,40303,25,7,152.25
175,1059,Botanechi K.K. 1,2006/7/27,台南營四部,女裝,內衣,GO Sport  Bag,50100,31,80,2306.4
175,1059,Botanechi K.K. 1,2006/7/27,台南營四部,日用品,沐浴用品,RiverKind Detergent,60302,8,192,1213.44
175,1059,Botanechi K.K. 1,2006/7/27,台南營四部,日用品,防曬油,Sun Shelter-15,60401,11,375,3506.25
175,1059,Botanechi K.K. 1,2006/7/27,台南營四部,日用品,濾水器,Pro-Lite Water Filter,60500,190,1,176.7
3,1030,Juan's Sports 3,2005/8/31,高雄營四部,男裝,西裝,Star Lite,40100,165,18,2494.8
3,1030,Juan's Sports 3,2005/8/31,高雄營四部,男裝,西裝,Star Gazer-3,40102,555,3,1648.35
3,1030,Juan's Sports 3,2005/8/31,高雄營四部,男裝,西裝,StarDome,40103,615,7,3960.6
3,1030,Juan's Sports 3,2005/8/31,高雄營四部,男裝,西裝,獵裝,40202,84,1,75.6
3,1030,Juan's Sports 3,2005/8/31,高雄營四部,女裝,內褲,GO Water Bottle,50203,8,32,240.64
3,1030,Juan's Sports 3,2005/8/31,高雄營四部,日用品,沐浴用品,RiverKind Soap,60301,11,374,3949.44
3,1030,Juan's Sports 3,2005/8/31,高雄營四部,日用品,防曬油,Sun Shelter-8,60400,6,504,2691.36
41,1030,Juan's Sports 3,2005/3/15,高雄營四部,男裝,西裝,Star Gazer-3,40102,555,1,521.7
41,1030,Juan's Sports 3,2005/3/15,高雄營四部,男裝,褲子,西褲,40301,131,3,369.42
41,1030,Juan's Sports 3,2005/3/15,高雄營四部,男裝,男鞋,運動鞋,40402,54,13,624.78
41,1030,Juan's Sports 3,2005/3/15,高雄營四部,女裝,內褲,GO Water Bottle,50203,8,64,506.88
41,1030,Juan's Sports 3,2005/3/15,高雄營四部,日用品,警報器,Pocket U.V. Alerter,60100,9,11,81.18
41,1030,Juan's Sports 3,2005/3/15,高雄營四部,日用品,警報器,Microwave Detective,60101,12,62,729.12
51,1030,Juan's Sports 3,2005/1/31,高雄營四部,男裝,西裝,Star Gazer-3,40102,555,4,1665
51,1030,Juan's Sports 3,2005/1/31,高雄營四部,男裝,帽子,鴨嘴帽,40201,129,4,464.4
51,1030,Juan's Sports 3,2005/1/31,高雄營四部,男裝,男鞋,拖鞋,40403,21,48,887.04
51,1030,Juan's Sports 3,2005/1/31,高雄營四部,女裝,內衣,GO Sport  Bag,50100,28,64,1720.32
51,1030,Juan's Sports 3,2005/1/31,高雄營四部,日用品,警報器,Pocket U.V. Alerter,60100,9,124,915.12
51,1030,Juan's Sports 3,2005/1/31,高雄營四部,日用品,濾水器,Pocket Water Filter,60501,270,14,3666.6
77,1083,Over the Top Cycles 1,2005/11/16,高雄營四部,男裝,西裝,Star Gazer-2,40101,518,4,1926.96
77,1083,Over the Top Cycles 1,2005/11/16,高雄營四部,男裝,褲子,西褲,40301,131,3,294.75
77,1083,Over the Top Cycles 1,2005/11/16,高雄營四部,男裝,褲子,短褲,40302,18,25,342
77,1083,Over the Top Cycles 1,2005/11/16,高雄營四部,女裝,內衣,GO Ski Gear Bag,50101,32,32,849.92
77,1083,Over the Top Cycles 1,2005/11/16,高雄營四部,日用品,再生用品,Enviro-T,60202,30,111,2897.1
77,1083,Over the Top Cycles 1,2005/11/16,高雄營四部,日用品,濾水器,Pro-Lite Water Filter,60500,165,11,1397.55
183,1147,Juan's Sports 1,2006/1/27,高雄營四部,男裝,西裝,Star Gazer-3,40102,555,2,888
183,1147,Juan's Sports 1,2006/1/27,高雄營四部,男裝,褲子,運動褲,40303,25,25,525
183,1147,Juan's Sports 1,2006/1/27,高雄營四部,男裝,男鞋,拖鞋,40403,22,18,328.68
183,1147,Juan's Sports 1,2006/1/27,高雄營四部,女裝,內褲,GO Water Bottle,50203,8,64,491.52
183,1147,Juan's Sports 1,2006/1/27,高雄營四部,日用品,警報器,Pocket U.V. Alerter,60100,10,20,154
183,1147,Juan's Sports 1,2006/1/27,高雄營四部,日用品,沐浴用品,RiverKind Soap,60301,13,221,2269.67
183,1147,Juan's Sports 1,2006/1/27,高雄營四部,日用品,防曬油,Sun Shelter-15,60401,11,298,2982.98
2,1148,Juan's Sports 2,2005/7/4,高雄營四部,男裝,西裝,Star Lite,40100,165,34,5553.9
2,1148,Juan's Sports 2,2005/7/4,高雄營四部,男裝,西裝,Star Gazer-2,40101,518,2,1025.64
2,1148,Juan's Sports 2,2005/7/4,高雄營四部,男裝,褲子,短褲,40302,18,1,14.4
2,1148,Juan's Sports 2,2005/7/4,高雄營四部,女裝,內衣,GO Ski Gear Bag,50101,32,32,808.96
2,1148,Juan's Sports 2,2005/7/4,高雄營四部,日用品,警報器,Microwave Detective,60101,12,124,1279.68
2,1148,Juan's Sports 2,2005/7/4,高雄營四部,日用品,防曬油,Sun Shelter-8,60400,6,315,1644.3
262,1148,Juan's Sports 2,2005/5/12,高雄營四部,日用品,濾水器,Pocket Water Filter,60501,270,20,2970
264,1148,Juan's Sports 2,2006/4/23,高雄營四部,女裝,內衣,GO Sport  Bag,50100,28,100,1540
265,1148,Juan's Sports 2,2006/7/23,高雄營四部,女裝,內衣,GO Duffel Bag,50102,56,100,3080
267,1148,Juan's Sports 2,2006/10/12,高雄營四部,日用品,濾水器,Pro-Lite Water Filter,60500,165,50,4537.5
200,1011,Singapore,2006/2/12,台南營二部,男裝,褲子,休閒褲,40300,14,3,33.18
200,1011,Singapore,2006/2/12,台南營二部,男裝,褲子,西褲,40301,138,1,135.24
200,1011,Singapore,2006/2/12,台南營二部,女裝,內褲,GO Headband,50201,11,64,556.16
200,1011,Singapore,2006/2/12,台南營二部,日用品,警報器,Microwave Detective,60101,13,101,1194.83
200,1011,Singapore,2006/2/12,台南營二部,日用品,防曬油,Sun Shelter-15,60401,11,348,3483.48
249,1011,Singapore,2005/11/25,台南營二部,日用品,濾水器,Pocket Water Filter,60501,270,20,2970
250,1011,Singapore,2006/5/12,台南營二部,女裝,內衣,GO Sport  Bag,50100,28,100,1540
251,1011,Singapore,2006/8/5,台南營二部,女裝,內衣,GO Duffel Bag,50102,56,100,3080
252,1011,Singapore,2006/12/1,台南營二部,日用品,防曬油,Sun Shelter-15,60401,9,400,1980
38,1062,123 Fitness PTE Ltd,2005/8/10,台南營二部,男裝,西裝,Star Lite,40100,165,34,5273.4
38,1062,123 Fitness PTE Ltd,2005/8/10,台南營二部,男裝,西裝,獵裝,40202,84,16,1008
38,1062,123 Fitness PTE Ltd,2005/8/10,台南營二部,男裝,褲子,短褲,40302,18,4,66.24
38,1062,123 Fitness PTE Ltd,2005/8/10,台南營二部,女裝,內衣,GO Sport  Bag,50100,28,16,394.24
38,1062,123 Fitness PTE Ltd,2005/8/10,台南營二部,日用品,防曬油,Sun Shelter-8,60400,6,378,1791.72
38,1062,123 Fitness PTE Ltd,2005/8/10,台南營二部,日用品,防曬油,Sun Shelter-15,60401,9,442,3659.76
53,1062,123 Fitness PTE Ltd,2005/8/8,台南營二部,男裝,西裝,StarDome,40103,615,1,516.6
53,1062,123 Fitness PTE Ltd,2005/8/8,台南營二部,男裝,褲子,運動褲,40303,24,7,151.2
53,1062,123 Fitness PTE Ltd,2005/8/8,台南營二部,男裝,男鞋,皮鞋,40401,111,73,7211.67
53,1062,123 Fitness PTE Ltd,2005/8/8,台南營二部,女裝,內褲,GO Wristband,50202,8,64,486.4
53,1062,123 Fitness PTE Ltd,2005/8/8,台南營二部,日用品,警報器,Pocket U.V. Alerter,60100,9,87,775.17
53,1062,123 Fitness PTE Ltd,2005/8/8,台南營二部,日用品,防曬油,Sun Shelter-8,60400,6,124,729.12
58,1062,123 Fitness PTE Ltd,2005/7/31,台南營二部,男裝,西裝,StarDome,40103,615,7,3788.4
58,1062,123 Fitness PTE Ltd,2005/7/31,台南營二部,男裝,男鞋,雨鞋,40400,65,16,904.8
58,1062,123 Fitness PTE Ltd,2005/7/31,台南營二部,男裝,男鞋,運動鞋,40402,54,16,803.52
58,1062,123 Fitness PTE Ltd,2005/7/31,台南營二部,女裝,內衣,GO Duffel Bag,50102,56,64,2938.88
58,1062,123 Fitness PTE Ltd,2005/7/31,台南營二部,日用品,沐浴用品,RiverKind Soap,60301,11,535,5708.45
58,1062,123 Fitness PTE Ltd,2005/7/31,台南營二部,日用品,沐浴用品,RiverKind Detergent,60302,6,301,1372.56
72,1062,123 Fitness PTE Ltd,2005/7/16,台南營二部,男裝,西裝,Star Lite,40100,165,2,310.2
72,1062,123 Fitness PTE Ltd,2005/7/16,台南營二部,男裝,男鞋,運動鞋,40402,54,13,631.8
72,1062,123 Fitness PTE Ltd,2005/7/16,台南營二部,女裝,內褲,GO Wristband,50202,8,32,245.76
72,1062,123 Fitness PTE Ltd,2005/7/16,台南營二部,日用品,再生用品,Enviro-T,60202,30,74,1798.2
72,1062,123 Fitness PTE Ltd,2005/7/16,台南營二部,日用品,濾水器,Pro-Lite Water Filter,60500,165,36,4455
78,1019,Supremas Montagna 5,2005/12/2,台中營四部,男裝,西裝,StarDome,40103,615,1,510.45
78,1019,Supremas Montagna 5,2005/12/2,台中營四部,男裝,褲子,短褲,40302,18,19,277.02
78,1019,Supremas Montagna 5,2005/12/2,台中營四部,男裝,褲子,運動褲,40303,24,1,22.8
78,1019,Supremas Montagna 5,2005/12/2,台中營四部,女裝,內衣,GO Duffel Bag,50102,56,64,3297.28
78,1019,Supremas Montagna 5,2005/12/2,台中營四部,日用品,防曬油,Sun Shelter-15,60401,9,442,3421.08
78,1019,Supremas Montagna 5,2005/12/2,台中營四部,日用品,濾水器,Pocket Water Filter,60501,270,1,237.6
190,1019,Supremas Montagna 5,2006/12/11,台中營四部,男裝,西裝,StarDome,40103,554,16,8420.8
190,1019,Supremas Montagna 5,2006/12/11,台中營四部,女裝,內褲,GO Wristband,50202,9,48,393.12
190,1019,Supremas Montagna 5,2006/12/11,台中營四部,日用品,再生用品,Enviro-Kit,60201,13,7,80.08
190,1019,Supremas Montagna 5,2006/12/11,台中營四部,日用品,濾水器,Pocket Water Filter,60501,311,57,17017.92
155,1035,Ultra Sports 1,2006/2/13,台中營四部,男裝,褲子,休閒褲,40300,14,6,68.04
155,1035,Ultra Sports 1,2006/2/13,台中營四部,男裝,褲子,西褲,40301,138,6,770.04
155,1035,Ultra Sports 1,2006/2/13,台中營四部,女裝,內衣,GO Sport  Bag,50100,31,80,2256.8
155,1035,Ultra Sports 1,2006/2/13,台中營四部,日用品,再生用品,EnviroSak,60200,7,16,103.04
155,1035,Ultra Sports 1,2006/2/13,台中營四部,日用品,再生用品,Enviro-T,60202,33,1,29.37
155,1035,Ultra Sports 1,2006/2/13,台中營四部,日用品,濾水器,Pocket Water Filter,60501,311,14,4092.76
205,1095,Supremas Montagna 1,2006/11/29,台中營四部,男裝,帽子,扁帽,40200,114,3,256.5
205,1095,Supremas Montagna 1,2006/11/29,台中營四部,男裝,褲子,短褲,40302,19,9,157.32
205,1095,Supremas Montagna 1,2006/11/29,台中營四部,女裝,內衣,GO Duffel Bag,50102,62,48,2797.44
205,1095,Supremas Montagna 1,2006/11/29,台中營四部,日用品,沐浴用品,RiverKind Shampoo,60300,11,363,3513.84
205,1095,Supremas Montagna 1,2006/11/29,台中營四部,日用品,沐浴用品,RiverKind Detergent,60302,8,165,1108.8
205,1095,Supremas Montagna 1,2006/11/29,台中營四部,日用品,防曬油,Sun Shelter-8,60400,6,119,699.72
225,1095,Supremas Montagna 1,2005/4/7,台中營四部,日用品,防曬油,Sun Shelter-15,60401,9,50,247.5
225,1095,Supremas Montagna 1,2005/4/7,台中營四部,日用品,防曬油,Sun Shelter-30,60402,9,500,2475
226,1095,Supremas Montagna 1,2006/4/6,台中營四部,日用品,沐浴用品,RiverKind Soap,60301,11,100,605
226,1095,Supremas Montagna 1,2006/4/6,台中營四部,日用品,沐浴用品,RiverKind Detergent,60302,6,100,330
227,1095,Supremas Montagna 1,2006/6/8,台中營四部,日用品,防曬油,Sun Shelter-30,60402,9,400,1980
39,1095,Supremas Montagna 1,2005/2/27,台中營四部,男裝,西裝,StarDome,40103,615,10,6088.5
39,1095,Supremas Montagna 1,2005/2/27,台中營四部,男裝,帽子,扁帽,40200,120,13,1216.8
39,1095,Supremas Montagna 1,2005/2/27,台中營四部,男裝,帽子,鴨嘴帽,40201,129,3,352.17
39,1095,Supremas Montagna 1,2005/2/27,台中營四部,女裝,內褲,GO Wristband,50202,8,48,299.52
39,1095,Supremas Montagna 1,2005/2/27,台中營四部,日用品,濾水器,Pro-Lite Water Filter,60500,165,24,3128.4
39,1095,Supremas Montagna 1,2005/2/27,台中營四部,日用品,濾水器,Pocket Water Filter,60501,270,14,3515.4
186,1096,Supremas Montagna 2,2006/10/23,台中營四部,男裝,帽子,扁帽,40200,114,7,614.46
186,1096,Supremas Montagna 2,2006/10/23,台中營四部,男裝,褲子,西褲,40301,138,6,695.52
186,1096,Supremas Montagna 2,2006/10/23,台中營四部,女裝,內褲,GO Water Bottle,50203,8,64,399.36
186,1096,Supremas Montagna 2,2006/10/23,台中營四部,日用品,再生用品,EnviroSak,60200,7,28,166.6
186,1096,Supremas Montagna 2,2006/10/23,台中營四部,日用品,防曬油,Sun Shelter-8,60400,6,155,771.9
186,1096,Supremas Montagna 2,2006/10/23,台中營四部,日用品,濾水器,Pocket Water Filter,60501,311,57,15599.76
47,1097,Supremas Montagna 3,2005/8/13,台中營四部,男裝,西裝,StarDome,40103,615,1,584.25
47,1097,Supremas Montagna 3,2005/8/13,台中營四部,男裝,帽子,鴨嘴帽,40201,129,3,294.12
47,1097,Supremas Montagna 3,2005/8/13,台中營四部,男裝,男鞋,皮鞋,40401,111,28,2331
47,1097,Supremas Montagna 3,2005/8/13,台中營四部,女裝,內褲,GO Wristband,50202,8,48,314.88
47,1097,Supremas Montagna 3,2005/8/13,台中營四部,日用品,警報器,Pocket Radon Alerter,60102,39,36,1249.56
47,1097,Supremas Montagna 3,2005/8/13,台中營四部,日用品,防曬油,Sun Shelter-15,60401,9,252,1859.76
214,1097,Supremas Montagna 3,2006/3/17,台中營四部,男裝,西裝,Star Lite,40100,193,78,14301.3
214,1097,Supremas Montagna 3,2006/3/17,台中營四部,男裝,褲子,運動褲,40303,25,2,42
214,1097,Supremas Montagna 3,2006/3/17,台中營四部,女裝,內衣,GO Sport  Bag,50100,31,48,1398.72
214,1097,Supremas Montagna 3,2006/3/17,台中營四部,日用品,再生用品,EnviroSak,60200,7,16,96.32
214,1097,Supremas Montagna 3,2006/3/17,台中營四部,日用品,濾水器,Pocket Water Filter,60501,311,1,286.12
10,1009,Kista AB,2005/8/11,高雄營一部,男裝,西裝,Star Gazer-2,40101,518,1,435.12
10,1009,Kista AB,2005/8/11,高雄營一部,男裝,西裝,StarDome,40103,615,3,1439.1
10,1009,Kista AB,2005/8/11,高雄營一部,男裝,褲子,休閒褲,40300,14,7,80.36
10,1009,Kista AB,2005/8/11,高雄營一部,女裝,內衣,GO Duffel Bag,50102,56,48,2311.68
10,1009,Kista AB,2005/8/11,高雄營一部,日用品,警報器,Pocket Radon Alerter,60102,39,36,1053
10,1009,Kista AB,2005/8/11,高雄營一部,日用品,防曬油,Sun Shelter-15,60401,9,378,3333.96
60,1009,Kista AB,2005/4/10,高雄營一部,男裝,西裝,StarDome,40103,615,7,4261.95
60,1009,Kista AB,2005/4/10,高雄營一部,男裝,帽子,鴨嘴帽,40201,129,19,2254.92
60,1009,Kista AB,2005/4/10,高雄營一部,男裝,男鞋,雨鞋,40400,65,73,4080.7
60,1009,Kista AB,2005/4/10,高雄營一部,女裝,內褲,GO Wristband,50202,8,48,307.2
60,1009,Kista AB,2005/4/10,高雄營一部,日用品,沐浴用品,RiverKind Detergent,60302,6,201,916.56
60,1009,Kista AB,2005/4/10,高雄營一部,日用品,濾水器,Pocket Water Filter,60501,270,14,3553.2
137,1009,Kista AB,2006/7/15,高雄營一部,男裝,帽子,扁帽,40200,114,4,401.28
137,1009,Kista AB,2006/7/15,高雄營一部,男裝,褲子,運動褲,40303,25,7,150.5
137,1009,Kista AB,2006/7/15,高雄營一部,女裝,內褲,GO Water Bottle,50203,8,16,102.4
137,1009,Kista AB,2006/7/15,高雄營一部,日用品,警報器,Microwave Detective,60101,13,29,373.23
137,1009,Kista AB,2006/7/15,高雄營一部,日用品,再生用品,Enviro-T,60202,33,24,696.96
137,1009,Kista AB,2006/7/15,高雄營一部,日用品,沐浴用品,RiverKind Shampoo,60300,11,165,1524.6
32,1063,Tregoran AB 1,2005/10/26,高雄營一部,男裝,西裝,Star Lite,40100,165,34,4544.1
32,1063,Tregoran AB 1,2005/10/26,高雄營一部,男裝,西裝,Star Gazer-3,40102,555,10,4218
32,1063,Tregoran AB 1,2005/10/26,高雄營一部,男裝,西裝,StarDome,40103,615,4,2386.2
32,1063,Tregoran AB 1,2005/10/26,高雄營一部,女裝,內衣,GO Sport  Bag,50100,28,32,797.44
32,1063,Tregoran AB 1,2005/10/26,高雄營一部,日用品,警報器,Pocket Radon Alerter,60102,39,24,926.64
32,1063,Tregoran AB 1,2005/10/26,高雄營一部,日用品,再生用品,EnviroSak,60200,6,36,177.12
66,1063,Tregoran AB 1,2005/10/13,高雄營一部,男裝,西裝,Star Gazer-3,40102,555,4,2175.6
66,1063,Tregoran AB 1,2005/10/13,高雄營一部,男裝,男鞋,雨鞋,40400,65,42,2347.8
66,1063,Tregoran AB 1,2005/10/13,高雄營一部,女裝,內褲,GO Wristband,50202,8,80,608
66,1063,Tregoran AB 1,2005/10/13,高雄營一部,日用品,警報器,Pocket U.V. Alerter,60100,9,24,211.68
66,1063,Tregoran AB 1,2005/10/13,高雄營一部,日用品,再生用品,EnviroSak,60200,6,87,407.16
162,1063,Tregoran AB 1,2006/8/5,高雄營一部,男裝,西裝,Star Gazer-3,40102,500,3,1320
162,1063,Tregoran AB 1,2006/8/5,高雄營一部,男裝,帽子,扁帽,40200,114,7,606.48
162,1063,Tregoran AB 1,2006/8/5,高雄營一部,女裝,內衣,GO Sport  Bag,50100,31,48,1264.8
162,1063,Tregoran AB 1,2006/8/5,高雄營一部,日用品,警報器,Pocket U.V. Alerter,60100,10,116,997.6
162,1063,Tregoran AB 1,2006/8/5,高雄營一部,日用品,警報器,Pocket Radon Alerter,60102,43,5,169.85
162,1063,Tregoran AB 1,2006/8/5,高雄營一部,日用品,沐浴用品,RiverKind Detergent,60302,8,422,2700.8
74,1064,Tregoran AB 2,2005/4/4,高雄營一部,男裝,西裝,Star Gazer-3,40102,555,10,5439
74,1064,Tregoran AB 2,2005/4/4,高雄營一部,男裝,西裝,StarDome,40103,615,7,3874.5
74,1064,Tregoran AB 2,2005/4/4,高雄營一部,男裝,西裝,獵裝,40202,84,20,1360.8
74,1064,Tregoran AB 2,2005/4/4,高雄營一部,女裝,內褲,GO Wristband,50202,8,64,455.68
74,1064,Tregoran AB 2,2005/4/4,高雄營一部,日用品,警報器,Pocket Radon Alerter,60102,39,87,2578.68
74,1064,Tregoran AB 2,2005/4/4,高雄營一部,日用品,再生用品,Enviro-Kit,60201,12,24,221.76
1,1085,Over the Top Cycles 3 AB,2005/3/22,高雄營一部,日用品,防曬油,Sun Shelter-8,60400,6,247,1378.26
1,1085,Over the Top Cycles 3 AB,2005/3/22,高雄營一部,日用品,防曬油,Sun Shelter-15,60401,9,617,4386.87
169,1085,Over the Top Cycles 3 AB,2006/1/5,高雄營一部,男裝,西裝,Star Gazer-3,40102,500,7,3255
169,1085,Over the Top Cycles 3 AB,2006/1/5,高雄營一部,男裝,男鞋,拖鞋,40403,22,43,917.62
169,1085,Over the Top Cycles 3 AB,2006/1/5,高雄營一部,女裝,內褲,GO Water Bottle,50203,8,48,322.56
169,1085,Over the Top Cycles 3 AB,2006/1/5,高雄營一部,日用品,再生用品,Enviro-T,60202,33,28,877.8
169,1085,Over the Top Cycles 3 AB,2006/1/5,高雄營一部,日用品,沐浴用品,RiverKind Soap,60301,13,106,1364.22
169,1085,Over the Top Cycles 3 AB,2006/1/5,高雄營一部,日用品,濾水器,Pocket Water Filter,60501,311,30,7464
201,1085,Over the Top Cycles 3 AB,2006/6/3,高雄營一部,男裝,西裝,Star Gazer-2,40101,466,1,391.44
201,1085,Over the Top Cycles 3 AB,2006/6/3,高雄營一部,男裝,帽子,鴨嘴帽,40201,123,2,199.26
201,1085,Over the Top Cycles 3 AB,2006/6/3,高雄營一部,女裝,內衣,GO Sport  Bag,50100,31,48,1205.28
201,1085,Over the Top Cycles 3 AB,2006/6/3,高雄營一部,日用品,警報器,Pocket U.V. Alerter,60100,10,77,585.2
201,1085,Over the Top Cycles 3 AB,2006/6/3,高雄營一部,日用品,再生用品,Enviro-T,60202,33,16,454.08
201,1085,Over the Top Cycles 3 AB,2006/6/3,高雄營一部,日用品,沐浴用品,RiverKind Shampoo,60300,11,79,782.1
228,1085,Over the Top Cycles 3 AB,2006/10/10,高雄營一部,日用品,防曬油,Sun Shelter-15,60401,9,500,2475
134,1025,Fresh Air Co 5,2006/2/13,高雄營三部,男裝,西裝,Star Gazer-2,40101,466,28,12395.6
134,1025,Fresh Air Co 5,2006/2/13,高雄營三部,男裝,帽子,扁帽,40200,114,1,85.5
134,1025,Fresh Air Co 5,2006/2/13,高雄營三部,女裝,內衣,GO Ski Gear Bag,50101,35,16,504
134,1025,Fresh Air Co 5,2006/2/13,高雄營三部,日用品,再生用品,Enviro-Kit,60201,13,19,229.71
134,1025,Fresh Air Co 5,2006/2/13,高雄營三部,日用品,再生用品,Enviro-T,60202,33,26,703.56
134,1025,Fresh Air Co 5,2006/2/13,高雄營三部,日用品,濾水器,Pro-Lite Water Filter,60500,190,1,148.2
35,1026,London,2005/5/2,高雄營三部,男裝,西裝,Star Gazer-2,40101,518,2,994.56
35,1026,London,2005/5/2,高雄營三部,男裝,褲子,休閒褲,40300,14,16,206.08
35,1026,London,2005/5/2,高雄營三部,男裝,男鞋,雨鞋,40400,65,73,3796
35,1026,London,2005/5/2,高雄營三部,女裝,內衣,GO Ski Gear Bag,50101,32,16,424.96
35,1026,London,2005/5/2,高雄營三部,日用品,沐浴用品,RiverKind Detergent,60302,6,301,1517.04
35,1026,London,2005/5/2,高雄營三部,日用品,防曬油,Sun Shelter-8,60400,6,315,1852.2
170,1065,Trees to Seas Ltd,2006/12/2,高雄營三部,男裝,帽子,鴨嘴帽,40201,123,1,102.09
170,1065,Trees to Seas Ltd,2006/12/2,高雄營三部,女裝,內衣,GO Ski Gear Bag,50101,35,80,2296
170,1065,Trees to Seas Ltd,2006/12/2,高雄營三部,日用品,再生用品,Enviro-T,60202,33,28,766.92
170,1065,Trees to Seas Ltd,2006/12/2,高雄營三部,日用品,防曬油,Sun Shelter-15,60401,11,171,1730.52
122,1065,Trees to Seas Ltd,2006/5/1,高雄營三部,男裝,褲子,休閒褲,40300,14,6,76.44
122,1065,Trees to Seas Ltd,2006/5/1,高雄營三部,男裝,男鞋,皮鞋,40401,117,8,823.68
122,1065,Trees to Seas Ltd,2006/5/1,高雄營三部,女裝,內衣,GO Duffel Bag,50102,62,32,1726.08
122,1065,Trees to Seas Ltd,2006/5/1,高雄營三部,日用品,警報器,Pocket U.V. Alerter,60100,10,53,434.6
122,1065,Trees to Seas Ltd,2006/5/1,高雄營三部,日用品,沐浴用品,RiverKind Soap,60301,13,79,770.25
122,1065,Trees to Seas Ltd,2006/5/1,高雄營三部,日用品,防曬油,Sun Shelter-30,60402,11,45,410.85
12,1089,Rock Steady 3,2005/8/15,高雄營三部,男裝,帽子,扁帽,40200,120,22,2455.2
12,1089,Rock Steady 3,2005/8/15,高雄營三部,男裝,帽子,鴨嘴帽,40201,129,1,98.04
12,1089,Rock Steady 3,2005/8/15,高雄營三部,男裝,褲子,休閒褲,40300,14,30,340.2
12,1089,Rock Steady 3,2005/8/15,高雄營三部,女裝,內衣,GO Duffel Bag,50102,56,80,3897.6
12,1089,Rock Steady 3,2005/8/15,高雄營三部,日用品,再生用品,Enviro-T,60202,30,62,1395
12,1089,Rock Steady 3,2005/8/15,高雄營三部,日用品,沐浴用品,RiverKind Shampoo,60300,9,124,1060.2
117,1111,Wally Mart 1,2006/12/1,高雄營三部,男裝,西裝,Star Lite,40100,193,10,1737
117,1111,Wally Mart 1,2006/12/1,高雄營三部,男裝,男鞋,拖鞋,40403,22,37,805.86
117,1111,Wally Mart 1,2006/12/1,高雄營三部,女裝,內褲,GO Water Bottle,50203,8,16,119.04
117,1111,Wally Mart 1,2006/12/1,高雄營三部,日用品,再生用品,Enviro-Kit,60201,13,3,31.98
117,1111,Wally Mart 1,2006/12/1,高雄營三部,日用品,防曬油,Sun Shelter-15,60401,11,148,1351.24
117,1111,Wally Mart 1,2006/12/1,高雄營三部,日用品,防曬油,Sun Shelter-30,60402,11,298,2524.06
154,1111,Wally Mart 1,2006/3/12,高雄營三部,男裝,西裝,Star Gazer-2,40101,466,2,801.52
154,1111,Wally Mart 1,2006/3/12,高雄營三部,男裝,男鞋,運動鞋,40402,57,31,1448.94
154,1111,Wally Mart 1,2006/3/12,高雄營三部,女裝,內衣,GO Duffel Bag,50102,62,64,3809.28
154,1111,Wally Mart 1,2006/3/12,高雄營三部,日用品,警報器,Pocket Radon Alerter,60102,43,12,469.56
154,1111,Wally Mart 1,2006/3/12,高雄營三部,日用品,再生用品,Enviro-Kit,60201,13,12,143.52
154,1111,Wally Mart 1,2006/3/12,高雄營三部,日用品,防曬油,Sun Shelter-8,60400,6,207,1018.44
36,1112,Wally Mart 2,2005/3/2,高雄營三部,男裝,西裝,Star Gazer-2,40101,518,8,3978.24
36,1112,Wally Mart 2,2005/3/2,高雄營三部,男裝,西裝,獵裝,40202,84,22,1755.6
36,1112,Wally Mart 2,2005/3/2,高雄營三部,男裝,男鞋,雨鞋,40400,65,32,1560
36,1112,Wally Mart 2,2005/3/2,高雄營三部,女裝,內衣,GO Ski Gear Bag,50101,32,80,1996.8
36,1112,Wally Mart 2,2005/3/2,高雄營三部,日用品,再生用品,Enviro-Kit,60201,12,62,684.48
36,1112,Wally Mart 2,2005/3/2,高雄營三部,日用品,沐浴用品,RiverKind Shampoo,60300,9,378,2925.72
29,1120,London,2005/9/22,高雄營三部,男裝,帽子,鴨嘴帽,40201,129,16,1960.8
29,1120,London,2005/9/22,高雄營三部,男裝,男鞋,運動鞋,40402,54,28,1300.32
29,1120,London,2005/9/22,高雄營三部,女裝,內褲,GO Wristband,50202,8,80,499.2
29,1120,London,2005/9/22,高雄營三部,日用品,警報器,Pocket U.V. Alerter,60100,9,62,552.42
29,1120,London,2005/9/22,高雄營三部,日用品,沐浴用品,RiverKind Detergent,60302,6,301,1769.88
107,1120,London,2006/9/22,高雄營三部,男裝,帽子,扁帽,40200,114,2,198.36
107,1120,London,2006/9/22,高雄營三部,男裝,男鞋,皮鞋,40401,117,10,889.2
107,1120,London,2006/9/22,高雄營三部,女裝,內褲,GO Water Bottle,50203,8,32,240.64
107,1120,London,2006/9/22,高雄營三部,日用品,再生用品,Enviro-T,60202,33,12,368.28
107,1120,London,2006/9/22,高雄營三部,日用品,沐浴用品,RiverKind Detergent,60302,8,192,1228.8
107,1120,London,2006/9/22,高雄營三部,日用品,濾水器,Pocket Water Filter,60501,311,80,22392
49,1120,London,2005/4/3,高雄營三部,男裝,褲子,休閒褲,40300,14,1,11.2
49,1120,London,2005/4/3,高雄營三部,男裝,褲子,西褲,40301,131,2,214.84
49,1120,London,2005/4/3,高雄營三部,男裝,男鞋,運動鞋,40402,54,28,1194.48
49,1120,London,2005/4/3,高雄營三部,女裝,內褲,GO Headband,50201,10,32,288
49,1120,London,2005/4/3,高雄營三部,日用品,沐浴用品,RiverKind Shampoo,60300,9,62,424.08
49,1120,London,2005/4/3,高雄營三部,日用品,濾水器,Pocket Water Filter,60501,270,14,3364.2
61,1120,London,2005/3/14,高雄營三部,男裝,西裝,Star Lite,40100,165,34,5441.7
61,1120,London,2005/3/14,高雄營三部,男裝,帽子,鴨嘴帽,40201,129,13,1425.45
61,1120,London,2005/3/14,高雄營三部,男裝,男鞋,拖鞋,40403,21,73,1395.03
61,1120,London,2005/3/14,高雄營三部,女裝,內褲,GO Wristband,50202,8,48,334.08
61,1120,London,2005/3/14,高雄營三部,日用品,濾水器,Pro-Lite Water Filter,60500,165,1,141.9
61,1120,London,2005/3/14,高雄營三部,日用品,濾水器,Pocket Water Filter,60501,270,31,8202.6
15,1121,Manchester,2005/6/30,高雄營三部,男裝,西裝,Star Lite,40100,165,10,1567.5
15,1121,Manchester,2005/6/30,高雄營三部,男裝,西裝,Star Gazer-2,40101,518,10,4921
15,1121,Manchester,2005/6/30,高雄營三部,男裝,西裝,Star Gazer-3,40102,555,10,5272.5
15,1121,Manchester,2005/6/30,高雄營三部,男裝,西裝,Star Gazer-3,40102,555,10,5272.5
15,1121,Manchester,2005/6/30,高雄營三部,男裝,西裝,StarDome,40103,615,10,5842.5
15,1121,Manchester,2005/6/30,高雄營三部,男裝,褲子,短褲,40302,18,7,119.7
15,1121,Manchester,2005/6/30,高雄營三部,男裝,褲子,運動褲,40303,24,32,729.6
15,1121,Manchester,2005/6/30,高雄營三部,女裝,內褲,GO Water Bottle,50203,8,64,486.4
15,1121,Manchester,2005/6/30,高雄營三部,日用品,再生用品,EnviroSak,60200,6,36,205.2
9,1127,Fresh Air Co 1,2005/3/23,高雄營三部,男裝,帽子,扁帽,40200,120,16,1651.2
9,1127,Fresh Air Co 1,2005/3/23,高雄營三部,男裝,男鞋,皮鞋,40401,111,3,256.41
9,1127,Fresh Air Co 1,2005/3/23,高雄營三部,男裝,男鞋,運動鞋,40402,54,32,1365.12
9,1127,Fresh Air Co 1,2005/3/23,高雄營三部,女裝,內褲,GO Water Bottle,50203,8,64,424.96
9,1127,Fresh Air Co 1,2005/3/23,高雄營三部,日用品,沐浴用品,RiverKind Soap,60301,11,427,4274.27
9,1127,Fresh Air Co 1,2005/3/23,高雄營三部,日用品,濾水器,Pro-Lite Water Filter,60500,165,24,3049.2
135,1127,Fresh Air Co 1,2006/2/10,高雄營三部,男裝,西裝,Star Gazer-2,40101,466,2,810.84
135,1127,Fresh Air Co 1,2006/2/10,高雄營三部,男裝,褲子,短褲,40302,19,14,231.42
135,1127,Fresh Air Co 1,2006/2/10,高雄營三部,女裝,內衣,GO Ski Gear Bag,50101,35,48,1310.4
135,1127,Fresh Air Co 1,2006/2/10,高雄營三部,日用品,沐浴用品,RiverKind Soap,60301,13,422,5431.14
135,1127,Fresh Air Co 1,2006/2/10,高雄營三部,日用品,沐浴用品,RiverKind Detergent,60302,8,221,1750.32
8,1128,Fresh Air Co 2,2005/10/16,高雄營三部,男裝,西裝,Star Gazer-3,40102,555,8,3374.4
8,1128,Fresh Air Co 2,2005/10/16,高雄營三部,男裝,男鞋,運動鞋,40402,54,42,1995.84
8,1128,Fresh Air Co 2,2005/10/16,高雄營三部,女裝,內褲,GO Headband,50201,10,80,672
8,1128,Fresh Air Co 2,2005/10/16,高雄營三部,日用品,沐浴用品,RiverKind Detergent,60302,6,504,2479.68
8,1128,Fresh Air Co 2,2005/10/16,高雄營三部,日用品,濾水器,Pocket Water Filter,60501,270,14,3288.6
189,1128,Fresh Air Co 2,2006/4/21,高雄營三部,男裝,帽子,扁帽,40200,114,8,857.28
189,1128,Fresh Air Co 2,2006/4/21,高雄營三部,男裝,褲子,休閒褲,40300,14,12,166.32
189,1128,Fresh Air Co 2,2006/4/21,高雄營三部,女裝,內衣,GO Duffel Bag,50102,62,48,2499.84
189,1128,Fresh Air Co 2,2006/4/21,高雄營三部,日用品,再生用品,EnviroSak,60200,7,24,142.8
189,1128,Fresh Air Co 2,2006/4/21,高雄營三部,日用品,沐浴用品,RiverKind Shampoo,60300,11,165,1742.4
189,1128,Fresh Air Co 2,2006/4/21,高雄營三部,日用品,防曬油,Sun Shelter-15,60401,11,348,3368.64
202,1128,Fresh Air Co 2,2006/3/22,高雄營三部,男裝,帽子,鴨嘴帽,40201,123,9,874.53
202,1128,Fresh Air Co 2,2006/3/22,高雄營三部,男裝,褲子,西褲,40301,138,6,662.4
202,1128,Fresh Air Co 2,2006/3/22,高雄營三部,女裝,內褲,GO Wristband,50202,9,80,684
202,1128,Fresh Air Co 2,2006/3/22,高雄營三部,日用品,警報器,Microwave Detective,60101,13,5,56.55
202,1128,Fresh Air Co 2,2006/3/22,高雄營三部,日用品,再生用品,EnviroSak,60200,7,1,6.86
202,1128,Fresh Air Co 2,2006/3/22,高雄營三部,日用品,防曬油,Sun Shelter-15,60401,11,250,2392.5
147,1128,Fresh Air Co 2,2006/7/8,高雄營三部,男裝,西裝,StarDome,40103,554,9,3988.8
147,1128,Fresh Air Co 2,2006/7/8,高雄營三部,男裝,男鞋,拖鞋,40403,22,37,626.78
147,1128,Fresh Air Co 2,2006/7/8,高雄營三部,女裝,內衣,GO Ski Gear Bag,50101,35,48,1663.2
147,1128,Fresh Air Co 2,2006/7/8,高雄營三部,日用品,警報器,Pocket Radon Alerter,60102,43,62,2426.06
147,1128,Fresh Air Co 2,2006/7/8,高雄營三部,日用品,再生用品,Enviro-T,60202,33,16,496.32
147,1128,Fresh Air Co 2,2006/7/8,高雄營三部,日用品,沐浴用品,RiverKind Shampoo,60300,11,363,3513.84
101,1129,Fresh Air Co 3,2006/11/26,高雄營三部,男裝,西裝,Star Gazer-2,40101,466,2,810.84
101,1129,Fresh Air Co 3,2006/11/26,高雄營三部,男裝,褲子,短褲,40302,19,14,204.82
101,1129,Fresh Air Co 3,2006/11/26,高雄營三部,女裝,內褲,GO Wristband,50202,9,48,324
101,1129,Fresh Air Co 3,2006/11/26,高雄營三部,日用品,警報器,Pocket U.V. Alerter,60100,10,77,623.7
101,1129,Fresh Air Co 3,2006/11/26,高雄營三部,日用品,警報器,Pocket Radon Alerter,60102,43,29,1084.89
101,1129,Fresh Air Co 3,2006/11/26,高雄營三部,日用品,再生用品,Enviro-Kit,60201,13,2,23.4
125,1129,Fresh Air Co 3,2006/7/19,高雄營三部,男裝,西裝,獵裝,40202,80,10,712
125,1129,Fresh Air Co 3,2006/7/19,高雄營三部,女裝,內褲,GO Water Bottle,50203,8,48,334.08
125,1129,Fresh Air Co 3,2006/7/19,高雄營三部,日用品,警報器,Pocket U.V. Alerter,60100,10,53,508.8
125,1129,Fresh Air Co 3,2006/7/19,高雄營三部,日用品,濾水器,Pocket Water Filter,60501,311,1,289.23
174,1129,Fresh Air Co 3,2006/8/30,高雄營三部,男裝,褲子,西褲,40301,138,6,803.16
174,1129,Fresh Air Co 3,2006/8/30,高雄營三部,男裝,男鞋,雨鞋,40400,68,14,932.96
174,1129,Fresh Air Co 3,2006/8/30,高雄營三部,女裝,內衣,GO Duffel Bag,50102,62,32,1547.52
174,1129,Fresh Air Co 3,2006/8/30,高雄營三部,日用品,警報器,Microwave Detective,60101,13,93,1100.19
174,1129,Fresh Air Co 3,2006/8/30,高雄營三部,日用品,再生用品,Enviro-Kit,60201,13,12,145.08
174,1129,Fresh Air Co 3,2006/8/30,高雄營三部,日用品,沐浴用品,RiverKind Shampoo,60300,11,306,2928.42
179,1002,Ultra Sports 5,2006/12/2,高雄營五部,男裝,男鞋,皮鞋,40401,117,2,198.9
179,1002,Ultra Sports 5,2006/12/2,高雄營五部,男裝,男鞋,拖鞋,40403,22,56,1047.2
179,1002,Ultra Sports 5,2006/12/2,高雄營五部,女裝,內衣,GO Sport  Bag,50100,31,48,1458.24
179,1002,Ultra Sports 5,2006/12/2,高雄營五部,日用品,警報器,Pocket U.V. Alerter,60100,10,77,662.2
179,1002,Ultra Sports 5,2006/12/2,高雄營五部,日用品,再生用品,Enviro-Kit,60201,13,3,35.1
179,1002,Ultra Sports 5,2006/12/2,高雄營五部,日用品,沐浴用品,RiverKind Shampoo,60300,11,165,1760.55
196,1004,Mountain Madness 5,2006/12/3,高雄營五部,男裝,帽子,扁帽,40200,114,1,101.46
196,1004,Mountain Madness 5,2006/12/3,高雄營五部,男裝,褲子,西褲,40301,138,1,122.82
196,1004,Mountain Madness 5,2006/12/3,高雄營五部,女裝,內衣,GO Sport  Bag,50100,31,64,1904.64
196,1004,Mountain Madness 5,2006/12/3,高雄營五部,日用品,警報器,Pocket Radon Alerter,60102,43,62,2586.02
196,1004,Mountain Madness 5,2006/12/3,高雄營五部,日用品,防曬油,Sun Shelter-15,60401,11,250,2447.5
196,1004,Mountain Madness 5,2006/12/3,高雄營五部,日用品,防曬油,Sun Shelter-30,60402,11,122,1274.9
115,1004,Mountain Madness 5,2006/1/7,高雄營五部,男裝,西裝,Star Lite,40100,193,10,1466.8
115,1004,Mountain Madness 5,2006/1/7,高雄營五部,男裝,褲子,運動褲,40303,25,2,37.5
115,1004,Mountain Madness 5,2006/1/7,高雄營五部,女裝,內褲,GO Water Bottle,50203,8,16,96
115,1004,Mountain Madness 5,2006/1/7,高雄營五部,日用品,警報器,Microwave Detective,60101,13,53,578.76
115,1004,Mountain Madness 5,2006/1/7,高雄營五部,日用品,再生用品,Enviro-Kit,60201,13,24,246.48
115,1004,Mountain Madness 5,2006/1/7,高雄營五部,日用品,防曬油,Sun Shelter-30,60402,11,45,470.25
132,1005,Boston,2006/3/20,高雄營五部,男裝,帽子,鴨嘴帽,40201,123,2,186.96
132,1005,Boston,2006/3/20,高雄營五部,女裝,內褲,GO Wristband,50202,9,80,684
132,1005,Boston,2006/3/20,高雄營五部,日用品,警報器,Microwave Detective,60101,13,77,980.98
132,1005,Boston,2006/3/20,高雄營五部,日用品,再生用品,Enviro-T,60202,33,24,768.24
132,1005,Boston,2006/3/20,高雄營五部,日用品,沐浴用品,RiverKind Shampoo,60300,11,165,1597.2
153,1005,Boston,2006/12/10,高雄營五部,男裝,西裝,StarDome,40103,554,9,4188.24
153,1005,Boston,2006/12/10,高雄營五部,男裝,褲子,短褲,40302,19,16,249.28
153,1005,Boston,2006/12/10,高雄營五部,女裝,內褲,GO Water Bottle,50203,8,64,506.88
153,1005,Boston,2006/12/10,高雄營五部,日用品,再生用品,Enviro-Kit,60201,13,24,293.28
153,1005,Boston,2006/12/10,高雄營五部,日用品,沐浴用品,RiverKind Soap,60301,13,422,4388.8
153,1005,Boston,2006/12/10,高雄營五部,日用品,濾水器,Pro-Lite Water Filter,60500,190,28,4149.6
256,1005,Boston,2005/7/1,高雄營五部,日用品,濾水器,Pocket Water Filter,60501,270,50,7425
207,1012,Act'N'Up Fitness 5,2006/7/7,高雄營五部,男裝,西裝,Star Lite,40100,193,10,1891.4
207,1012,Act'N'Up Fitness 5,2006/7/7,高雄營五部,男裝,男鞋,皮鞋,40401,117,6,694.98
207,1012,Act'N'Up Fitness 5,2006/7/7,高雄營五部,女裝,內褲,GO Wristband,50202,9,48,341.28
207,1012,Act'N'Up Fitness 5,2006/7/7,高雄營五部,日用品,警報器,Pocket U.V. Alerter,60100,10,77,693
207,1012,Act'N'Up Fitness 5,2006/7/7,高雄營五部,日用品,防曬油,Sun Shelter-8,60400,6,173,809.64
207,1012,Act'N'Up Fitness 5,2006/7/7,高雄營五部,日用品,防曬油,Sun Shelter-30,60402,11,20,180.4
73,1015,Desert Duds & Tees 8,2005/11/20,高雄營五部,男裝,西裝,Star Gazer-2,40101,518,1,269.36
73,1015,Desert Duds & Tees 8,2005/11/20,高雄營五部,男裝,褲子,運動褲,40303,24,13,271.44
73,1015,Desert Duds & Tees 8,2005/11/20,高雄營五部,男裝,男鞋,運動鞋,40402,54,37,1578.42
73,1015,Desert Duds & Tees 8,2005/11/20,高雄營五部,女裝,內衣,GO Ski Gear Bag,50101,32,32,778.24
73,1015,Desert Duds & Tees 8,2005/11/20,高雄營五部,日用品,警報器,Pocket U.V. Alerter,60100,9,111,889.11
73,1015,Desert Duds & Tees 8,2005/11/20,高雄營五部,日用品,沐浴用品,RiverKind Soap,60301,11,374,3949.44
130,1015,Desert Duds & Tees 8,2006/12/25,高雄營五部,男裝,男鞋,拖鞋,40403,22,12,219.12
130,1015,Desert Duds & Tees 8,2006/12/25,高雄營五部,女裝,內褲,GO Headband,50201,11,80,686.4
130,1015,Desert Duds & Tees 8,2006/12/25,高雄營五部,日用品,警報器,Pocket U.V. Alerter,60100,10,77,693
130,1015,Desert Duds & Tees 8,2006/12/25,高雄營五部,日用品,警報器,Pocket Radon Alerter,60102,43,45,1722.15
130,1015,Desert Duds & Tees 8,2006/12/25,高雄營五部,日用品,沐浴用品,RiverKind Soap,60301,13,50,637
148,1015,Desert Duds & Tees 8,2006/10/29,高雄營五部,男裝,西裝,Star Lite,40100,193,104,18666.96
148,1015,Desert Duds & Tees 8,2006/10/29,高雄營五部,男裝,帽子,鴨嘴帽,40201,123,7,654.36
148,1015,Desert Duds & Tees 8,2006/10/29,高雄營五部,女裝,內褲,GO Headband,50201,11,32,295.68
148,1015,Desert Duds & Tees 8,2006/10/29,高雄營五部,日用品,再生用品,EnviroSak,60200,7,16,100.8
148,1015,Desert Duds & Tees 8,2006/10/29,高雄營五部,日用品,沐浴用品,RiverKind Detergent,60302,8,138,993.6
148,1015,Desert Duds & Tees 8,2006/10/29,高雄營五部,日用品,防曬油,Sun Shelter-30,60402,11,348,3368.64
212,1018,Clear Valley Waters 5,2006/9/21,高雄營五部,男裝,西裝,Star Gazer-2,40101,466,1,428.72
212,1018,Clear Valley Waters 5,2006/9/21,高雄營五部,男裝,褲子,西褲,40301,138,6,728.64
212,1018,Clear Valley Waters 5,2006/9/21,高雄營五部,女裝,內衣,GO Ski Gear Bag,50101,35,16,442.4
212,1018,Clear Valley Waters 5,2006/9/21,高雄營五部,日用品,再生用品,EnviroSak,60200,7,19,117.04
212,1018,Clear Valley Waters 5,2006/9/21,高雄營五部,日用品,沐浴用品,RiverKind Detergent,60302,8,248,1745.92
212,1018,Clear Valley Waters 5,2006/9/21,高雄營五部,日用品,防曬油,Sun Shelter-15,60401,11,222,2148.96
187,1020,Pro Form Supplies 5,2006/6/25,高雄營五部,男裝,帽子,鴨嘴帽,40201,123,8,895.44
187,1020,Pro Form Supplies 5,2006/6/25,高雄營五部,男裝,西裝,獵裝,40202,80,10,728
187,1020,Pro Form Supplies 5,2006/6/25,高雄營五部,女裝,內衣,GO Ski Gear Bag,50101,35,64,1993.6
187,1020,Pro Form Supplies 5,2006/6/25,高雄營五部,日用品,警報器,Pocket Radon Alerter,60102,43,107,4232.92
187,1020,Pro Form Supplies 5,2006/6/25,高雄營五部,日用品,沐浴用品,RiverKind Soap,60301,13,248,2482.48
187,1020,Pro Form Supplies 5,2006/6/25,高雄營五部,日用品,防曬油,Sun Shelter-15,60401,11,148,1595.44
192,1020,Pro Form Supplies 5,2006/12/5,高雄營五部,男裝,西裝,Star Gazer-3,40102,500,19,4940
192,1020,Pro Form Supplies 5,2006/12/5,高雄營五部,男裝,男鞋,雨鞋,40400,68,37,2214.08
192,1020,Pro Form Supplies 5,2006/12/5,高雄營五部,女裝,內衣,GO Duffel Bag,50102,62,64,3729.92
192,1020,Pro Form Supplies 5,2006/12/5,高雄營五部,日用品,再生用品,Enviro-T,60202,33,30,742.5
192,1020,Pro Form Supplies 5,2006/12/5,高雄營五部,日用品,沐浴用品,RiverKind Detergent,60302,8,422,2903.36
192,1020,Pro Form Supplies 5,2006/12/5,高雄營五部,日用品,防曬油,Sun Shelter-30,60402,11,20,204.6
143,1028,Fredies Sport Whse 5,2006/9/28,高雄營五部,男裝,西裝,獵裝,40202,80,2,142.4
143,1028,Fredies Sport Whse 5,2006/9/28,高雄營五部,男裝,男鞋,皮鞋,40401,117,10,1158.3
143,1028,Fredies Sport Whse 5,2006/9/28,高雄營五部,女裝,內褲,GO Headband,50201,11,32,278.08
143,1028,Fredies Sport Whse 5,2006/9/28,高雄營五部,日用品,沐浴用品,RiverKind Shampoo,60300,11,279,2946.24
143,1028,Fredies Sport Whse 5,2006/9/28,高雄營五部,日用品,濾水器,Pro-Lite Water Filter,60500,190,1,188.1
143,1028,Fredies Sport Whse 5,2006/9/28,高雄營五部,日用品,濾水器,Pocket Water Filter,60501,311,57,15777.03
171,1032,Supras Camping Supplies 2,2006/10/19,高雄營五部,男裝,西裝,Star Gazer-3,40102,500,1,380
171,1032,Supras Camping Supplies 2,2006/10/19,高雄營五部,男裝,褲子,西褲,40301,138,1,120.06
171,1032,Supras Camping Supplies 2,2006/10/19,高雄營五部,女裝,內衣,GO Sport  Bag,50100,31,48,1130.88
171,1032,Supras Camping Supplies 2,2006/10/19,高雄營五部,日用品,再生用品,Enviro-Kit,60201,13,24,249.6
171,1032,Supras Camping Supplies 2,2006/10/19,高雄營五部,日用品,再生用品,Enviro-T,60202,33,11,304.92
171,1032,Supras Camping Supplies 2,2006/10/19,高雄營五部,日用品,沐浴用品,RiverKind Detergent,60302,8,363,2700.72
4,1038,Ultra Sports 4,2005/3/29,高雄營五部,男裝,西裝,Star Gazer-2,40101,518,2,911.68
4,1038,Ultra Sports 4,2005/3/29,高雄營五部,男裝,西裝,StarDome,40103,615,30,18265.5
4,1038,Ultra Sports 4,2005/3/29,高雄營五部,男裝,西裝,獵裝,40202,84,25,1869
4,1038,Ultra Sports 4,2005/3/29,高雄營五部,女裝,內衣,GO Ski Gear Bag,50101,32,64,1699.84
4,1038,Ultra Sports 4,2005/3/29,高雄營五部,女裝,內衣,GO Ski Gear Bag,50101,32,200,6336
4,1038,Ultra Sports 4,2005/3/29,高雄營五部,日用品,警報器,Pocket U.V. Alerter,60100,9,49,410.13
4,1038,Ultra Sports 4,2005/3/29,高雄營五部,日用品,再生用品,Enviro-T,60202,30,98,2851.8
4,1038,Ultra Sports 4,2005/3/29,高雄營五部,日用品,濾水器,Pro-Lite Water Filter,60500,165,30,4900.5
4,1038,Ultra Sports 4,2005/3/29,高雄營五部,日用品,濾水器,Pocket Water Filter,60501,270,30,8019
258,1038,Ultra Sports 4,2005/5/2,高雄營五部,女裝,內褲,GO Headband,50201,10,500,2750
259,1038,Ultra Sports 4,2005/12/23,高雄營五部,女裝,內衣,GO Sport  Bag,50100,28,500,7700
116,1043,Mountain Madness 1,2006/3/11,高雄營五部,男裝,西裝,Star Gazer-3,40102,500,1,495
116,1043,Mountain Madness 1,2006/3/11,高雄營五部,男裝,男鞋,皮鞋,40401,117,1,95.94
116,1043,Mountain Madness 1,2006/3/11,高雄營五部,女裝,內褲,GO Wristband,50202,9,48,419.04
116,1043,Mountain Madness 1,2006/3/11,高雄營五部,日用品,沐浴用品,RiverKind Soap,60301,13,422,4279.08
116,1043,Mountain Madness 1,2006/3/11,高雄營五部,日用品,沐浴用品,RiverKind Detergent,60302,8,165,1293.6
116,1043,Mountain Madness 1,2006/3/11,高雄營五部,日用品,濾水器,Pocket Water Filter,60501,311,1,245.69
181,1044,Mountain Madness 2,2006/1/15,高雄營五部,男裝,帽子,鴨嘴帽,40201,123,7,852.39
181,1044,Mountain Madness 2,2006/1/15,高雄營五部,男裝,男鞋,雨鞋,40400,68,7,442.68
181,1044,Mountain Madness 2,2006/1/15,高雄營五部,女裝,內衣,GO Sport  Bag,50100,31,64,1567.36
181,1044,Mountain Madness 2,2006/1/15,高雄營五部,日用品,再生用品,Enviro-T,60202,33,16,459.36
181,1044,Mountain Madness 2,2006/1/15,高雄營五部,日用品,沐浴用品,RiverKind Soap,60301,13,306,3460.86
181,1044,Mountain Madness 2,2006/1/15,高雄營五部,日用品,防曬油,Sun Shelter-15,60401,11,45,410.85
16,1045,Mountain Madness 3,2005/12/16,高雄營五部,男裝,西裝,Star Gazer-2,40101,518,8,3978.24
16,1045,Mountain Madness 3,2005/12/16,高雄營五部,男裝,帽子,鴨嘴帽,40201,129,13,1509.3
16,1045,Mountain Madness 3,2005/12/16,高雄營五部,男裝,褲子,短褲,40302,18,36,505.44
16,1045,Mountain Madness 3,2005/12/16,高雄營五部,女裝,內衣,GO Sport  Bag,50100,28,80,1881.6
16,1045,Mountain Madness 3,2005/12/16,高雄營五部,日用品,防曬油,Sun Shelter-15,60401,9,62,446.4
16,1045,Mountain Madness 3,2005/12/16,高雄營五部,日用品,防曬油,Sun Shelter-30,60402,9,188,1370.52
128,1045,Mountain Madness 3,2006/10/10,高雄營五部,男裝,西裝,Star Gazer-3,40102,555,2,888
128,1045,Mountain Madness 3,2006/10/10,高雄營五部,男裝,西裝,StarDome,40103,554,12,5052.48
128,1045,Mountain Madness 3,2006/10/10,高雄營五部,男裝,男鞋,雨鞋,40400,68,52,2864.16
128,1045,Mountain Madness 3,2006/10/10,高雄營五部,女裝,內褲,GO Wristband,50202,9,48,419.04
128,1045,Mountain Madness 3,2006/10/10,高雄營五部,日用品,再生用品,Enviro-Kit,60201,13,11,117.26
128,1045,Mountain Madness 3,2006/10/10,高雄營五部,日用品,沐浴用品,RiverKind Soap,60301,13,221,2298.4
128,1045,Mountain Madness 3,2006/10/10,高雄營五部,日用品,防曬油,Sun Shelter-15,60401,11,348,3521.76
261,1045,Mountain Madness 3,2006/4/5,高雄營五部,日用品,濾水器,Pro-Lite Water Filter,60500,165,100,9075
37,1071,Lookout Below Ltd,2005/1/27,高雄營五部,男裝,帽子,鴨嘴帽,40201,129,1,122.55
37,1071,Lookout Below Ltd,2005/1/27,高雄營五部,男裝,褲子,短褲,40302,18,4,56.88
37,1071,Lookout Below Ltd,2005/1/27,高雄營五部,男裝,男鞋,運動鞋,40402,54,62,2845.8
37,1071,Lookout Below Ltd,2005/1/27,高雄營五部,女裝,內衣,GO Sport  Bag,50100,28,32,734.72
37,1071,Lookout Below Ltd,2005/1/27,高雄營五部,日用品,再生用品,Enviro-T,60202,30,36,961.2
37,1071,Lookout Below Ltd,2005/1/27,高雄營五部,日用品,濾水器,Pocket Water Filter,60501,270,14,3024
208,1071,Lookout Below Ltd,2006/3/22,高雄營五部,男裝,西裝,StarDome,40103,554,12,6116.16
208,1071,Lookout Below Ltd,2006/3/22,高雄營五部,男裝,帽子,鴨嘴帽,40201,123,10,1107
208,1071,Lookout Below Ltd,2006/3/22,高雄營五部,女裝,內褲,GO Wristband,50202,9,16,126.72
208,1071,Lookout Below Ltd,2006/3/22,高雄營五部,日用品,警報器,Pocket U.V. Alerter,60100,10,20,154
208,1071,Lookout Below Ltd,2006/3/22,高雄營五部,日用品,再生用品,EnviroSak,60200,7,12,72.24
208,1071,Lookout Below Ltd,2006/3/22,高雄營五部,日用品,沐浴用品,RiverKind Soap,60301,13,221,2298.4
165,1072,Advanced Climbing Ltd,2006/9/17,高雄營五部,男裝,西裝,Star Gazer-2,40101,466,1,396.1
165,1072,Advanced Climbing Ltd,2006/9/17,高雄營五部,男裝,男鞋,雨鞋,40400,68,21,1156.68
165,1072,Advanced Climbing Ltd,2006/9/17,高雄營五部,女裝,內衣,GO Ski Gear Bag,50101,35,16,543.2
165,1072,Advanced Climbing Ltd,2006/9/17,高雄營五部,日用品,警報器,Pocket Radon Alerter,60102,43,45,1896.3
165,1072,Advanced Climbing Ltd,2006/9/17,高雄營五部,日用品,濾水器,Pro-Lite Water Filter,60500,190,28,4096.4
45,1073,Irving,2005/8/26,高雄營五部,男裝,西裝,獵裝,40202,84,13,829.92
45,1073,Irving,2005/8/26,高雄營五部,男裝,男鞋,雨鞋,40400,65,42,2293.2
45,1073,Irving,2005/8/26,高雄營五部,男裝,男鞋,運動鞋,40402,54,3,142.56
45,1073,Irving,2005/8/26,高雄營五部,女裝,內褲,GO Headband,50201,10,48,393.6
45,1073,Irving,2005/8/26,高雄營五部,日用品,警報器,Pocket U.V. Alerter,60100,9,11,98.01
45,1073,Irving,2005/8/26,高雄營五部,日用品,防曬油,Sun Shelter-15,60401,9,124,993.24
17,1074,Seattle,2005/11/11,高雄營五部,男裝,西裝,Star Lite,40100,165,34,5049
17,1074,Seattle,2005/11/11,高雄營五部,男裝,西裝,Star Gazer-2,40101,518,4,1657.6
17,1074,Seattle,2005/11/11,高雄營五部,男裝,西裝,Star Gazer-2,40101,518,10,5128.2
17,1074,Seattle,2005/11/11,高雄營五部,男裝,西裝,Star Gazer-3,40102,555,10,5494.5
17,1074,Seattle,2005/11/11,高雄營五部,男裝,男鞋,運動鞋,40402,54,62,2912.76
17,1074,Seattle,2005/11/11,高雄營五部,女裝,內褲,GO Headband,50201,10,16,134.4
17,1074,Seattle,2005/11/11,高雄營五部,日用品,防曬油,Sun Shelter-8,60400,6,378,1859.76
17,1074,Seattle,2005/11/11,高雄營五部,日用品,濾水器,Pro-Lite Water Filter,60500,165,1,160.05
133,1075,Act'N'Up Fitness 1,2006/2/17,高雄營五部,男裝,西裝,Star Gazer-3,40102,500,7,1820
133,1075,Act'N'Up Fitness 1,2006/2/17,高雄營五部,男裝,褲子,休閒褲,40300,14,3,34.86
133,1075,Act'N'Up Fitness 1,2006/2/17,高雄營五部,女裝,內褲,GO Headband,50201,11,16,151.36
133,1075,Act'N'Up Fitness 1,2006/2/17,高雄營五部,日用品,警報器,Pocket Radon Alerter,60102,43,29,1184.65
133,1075,Act'N'Up Fitness 1,2006/2/17,高雄營五部,日用品,防曬油,Sun Shelter-30,60402,11,45,376.2
173,1075,Act'N'Up Fitness 1,2006/6/10,高雄營五部,男裝,帽子,扁帽,40200,114,12,1067.04
173,1075,Act'N'Up Fitness 1,2006/6/10,高雄營五部,男裝,褲子,西褲,40301,138,6,670.68
173,1075,Act'N'Up Fitness 1,2006/6/10,高雄營五部,女裝,內褲,GO Water Bottle,50203,8,64,450.56
173,1075,Act'N'Up Fitness 1,2006/6/10,高雄營五部,日用品,再生用品,Enviro-T,60202,33,16,401.28
173,1075,Act'N'Up Fitness 1,2006/6/10,高雄營五部,日用品,沐浴用品,RiverKind Soap,60301,13,332,4229.68
173,1075,Act'N'Up Fitness 1,2006/6/10,高雄營五部,日用品,防曬油,Sun Shelter-8,60400,6,207,1167.48
140,1076,Act'N'Up Fitness 2,2006/11/28,高雄營五部,男裝,西裝,Star Lite,40100,193,10,1794.9
140,1076,Act'N'Up Fitness 2,2006/11/28,高雄營五部,男裝,西裝,Star Gazer-3,40102,500,13,5070
140,1076,Act'N'Up Fitness 2,2006/11/28,高雄營五部,女裝,內褲,GO Water Bottle,50203,8,64,491.52
140,1076,Act'N'Up Fitness 2,2006/11/28,高雄營五部,日用品,警報器,Microwave Detective,60101,13,77,950.95
140,1076,Act'N'Up Fitness 2,2006/11/28,高雄營五部,日用品,沐浴用品,RiverKind Soap,60301,13,192,2446.08
140,1076,Act'N'Up Fitness 2,2006/11/28,高雄營五部,日用品,防曬油,Sun Shelter-30,60402,11,148,1269.84
131,1077,Act'N'Up Fitness 3,2006/2/18,高雄營五部,男裝,帽子,鴨嘴帽,40201,123,6,605.16
131,1077,Act'N'Up Fitness 3,2006/2/18,高雄營五部,男裝,褲子,休閒褲,40300,14,7,83.3
131,1077,Act'N'Up Fitness 3,2006/2/18,高雄營五部,女裝,內褲,GO Wristband,50202,9,64,432
131,1077,Act'N'Up Fitness 3,2006/2/18,高雄營五部,日用品,警報器,Microwave Detective,60101,13,12,121.68
131,1077,Act'N'Up Fitness 3,2006/2/18,高雄營五部,日用品,再生用品,EnviroSak,60200,7,16,106.4
131,1077,Act'N'Up Fitness 3,2006/2/18,高雄營五部,日用品,沐浴用品,RiverKind Detergent,60302,8,165,1227.6
44,1078,Act'N'Up Fitness 4,2005/5/7,高雄營五部,男裝,西裝,Star Gazer-3,40102,555,4,1887
44,1078,Act'N'Up Fitness 4,2005/5/7,高雄營五部,男裝,褲子,短褲,40302,18,3,42.12
44,1078,Act'N'Up Fitness 4,2005/5/7,高雄營五部,男裝,男鞋,皮鞋,40401,111,66,6373.62
44,1078,Act'N'Up Fitness 4,2005/5/7,高雄營五部,女裝,內褲,GO Wristband,50202,8,16,119.04
44,1078,Act'N'Up Fitness 4,2005/5/7,高雄營五部,日用品,再生用品,EnviroSak,60200,6,11,65.34
44,1078,Act'N'Up Fitness 4,2005/5/7,高雄營五部,日用品,防曬油,Sun Shelter-30,60402,9,188,1658.16
193,1080,Desert Duds & Tees 2,2006/6/24,高雄營五部,男裝,西裝,Star Lite,40100,193,25,4294.25
193,1080,Desert Duds & Tees 2,2006/6/24,高雄營五部,男裝,帽子,扁帽,40200,114,10,877.8
193,1080,Desert Duds & Tees 2,2006/6/24,高雄營五部,女裝,內衣,GO Ski Gear Bag,50101,35,16,464.8
193,1080,Desert Duds & Tees 2,2006/6/24,高雄營五部,日用品,再生用品,Enviro-T,60202,33,2,64.02
193,1080,Desert Duds & Tees 2,2006/6/24,高雄營五部,日用品,沐浴用品,RiverKind Shampoo,60300,11,279,2639.34
193,1080,Desert Duds & Tees 2,2006/6/24,高雄營五部,日用品,濾水器,Pocket Water Filter,60501,311,30,9050.1
167,1081,Desert Duds & Tees 3,2006/3/16,高雄營五部,男裝,帽子,扁帽,40200,114,2,171
167,1081,Desert Duds & Tees 3,2006/3/16,高雄營五部,男裝,褲子,休閒褲,40300,14,3,39.48
167,1081,Desert Duds & Tees 3,2006/3/16,高雄營五部,女裝,內褲,GO Water Bottle,50203,8,64,465.92
167,1081,Desert Duds & Tees 3,2006/3/16,高雄營五部,日用品,警報器,Pocket Radon Alerter,60102,43,116,4688.72
167,1081,Desert Duds & Tees 3,2006/3/16,高雄營五部,日用品,再生用品,Enviro-T,60202,33,7,205.59
167,1081,Desert Duds & Tees 3,2006/3/16,高雄營五部,日用品,防曬油,Sun Shelter-15,60401,11,375,3135
206,1087,Rock Steady 1,2006/5/12,高雄營五部,男裝,褲子,運動褲,40303,25,19,356.25
206,1087,Rock Steady 1,2006/5/12,高雄營五部,男裝,男鞋,運動鞋,40402,57,18,1015.74
206,1087,Rock Steady 1,2006/5/12,高雄營五部,女裝,內褲,GO Wristband,50202,9,64,570.24
206,1087,Rock Steady 1,2006/5/12,高雄營五部,日用品,警報器,Pocket Radon Alerter,60102,43,38,1225.5
206,1087,Rock Steady 1,2006/5/12,高雄營五部,日用品,再生用品,Enviro-T,60202,33,2,53.46
206,1087,Rock Steady 1,2006/5/12,高雄營五部,日用品,沐浴用品,RiverKind Soap,60301,13,363,4058.34
76,1101,Pro Form Supplies 3,2005/7/19,高雄營五部,男裝,褲子,西褲,40301,131,4,393
76,1101,Pro Form Supplies 3,2005/7/19,高雄營五部,男裝,男鞋,雨鞋,40400,65,66,3732.3
76,1101,Pro Form Supplies 3,2005/7/19,高雄營五部,男裝,男鞋,皮鞋,40401,111,28,2455.32
76,1101,Pro Form Supplies 3,2005/7/19,高雄營五部,女裝,內褲,GO Water Bottle,50203,8,32,197.12
76,1101,Pro Form Supplies 3,2005/7/19,高雄營五部,日用品,警報器,Microwave Detective,60101,12,24,250.56
76,1101,Pro Form Supplies 3,2005/7/19,高雄營五部,日用品,沐浴用品,RiverKind Detergent,60302,6,504,2600.64
28,1102,Pro Form Supplies 4,2005/4/20,高雄營五部,男裝,西裝,Star Lite,40100,165,15,2301.75
28,1102,Pro Form Supplies 4,2005/4/20,高雄營五部,男裝,西裝,Star Gazer-2,40101,518,10,5128.2
28,1102,Pro Form Supplies 4,2005/4/20,高雄營五部,男裝,西裝,Star Gazer-3,40102,555,15,8241.75
28,1102,Pro Form Supplies 4,2005/4/20,高雄營五部,男裝,帽子,鴨嘴帽,40201,129,25,2676.75
28,1102,Pro Form Supplies 4,2005/4/20,高雄營五部,男裝,褲子,短褲,40302,18,3,41.58
28,1102,Pro Form Supplies 4,2005/4/20,高雄營五部,女裝,內衣,GO Ski Gear Bag,50101,32,80,2534.4
28,1102,Pro Form Supplies 4,2005/4/20,高雄營五部,日用品,警報器,Pocket Radon Alerter,60102,39,124,4690.92
28,1102,Pro Form Supplies 4,2005/4/20,高雄營五部,日用品,防曬油,Sun Shelter-30,60402,9,442,3381.3
57,1102,Pro Form Supplies 4,2005/10/25,高雄營五部,男裝,西裝,Star Gazer-2,40101,518,2,538.72
57,1102,Pro Form Supplies 4,2005/10/25,高雄營五部,男裝,西裝,StarDome,40103,615,10,3198
57,1102,Pro Form Supplies 4,2005/10/25,高雄營五部,男裝,褲子,運動褲,40303,24,3,65.52
57,1102,Pro Form Supplies 4,2005/10/25,高雄營五部,女裝,內褲,GO Water Bottle,50203,8,64,491.52
57,1102,Pro Form Supplies 4,2005/10/25,高雄營五部,日用品,再生用品,Enviro-Kit,60201,12,111,1212.12
57,1102,Pro Form Supplies 4,2005/10/25,高雄營五部,日用品,濾水器,Pocket Water Filter,60501,270,14,3250.8
79,1102,Pro Form Supplies 4,2005/8/20,高雄營五部,男裝,西裝,Star Gazer-2,40101,518,7,1885.52
79,1102,Pro Form Supplies 4,2005/8/20,高雄營五部,男裝,西裝,StarDome,40103,615,3,959.4
79,1102,Pro Form Supplies 4,2005/8/20,高雄營五部,男裝,褲子,西褲,40301,131,3,341.91
79,1102,Pro Form Supplies 4,2005/8/20,高雄營五部,女裝,內衣,GO Sport  Bag,50100,28,64,1523.2
79,1102,Pro Form Supplies 4,2005/8/20,高雄營五部,日用品,濾水器,Pro-Lite Water Filter,60500,165,24,3564
79,1102,Pro Form Supplies 4,2005/8/20,高雄營五部,日用品,濾水器,Pocket Water Filter,60501,270,1,259.2
26,1102,Pro Form Supplies 4,2005/2/27,高雄營五部,男裝,西裝,Star Gazer-3,40102,555,10,4273.5
26,1102,Pro Form Supplies 4,2005/2/27,高雄營五部,男裝,男鞋,雨鞋,40400,65,16,967.2
26,1102,Pro Form Supplies 4,2005/2/27,高雄營五部,女裝,內衣,GO Sport  Bag,50100,28,48,1048.32
26,1102,Pro Form Supplies 4,2005/2/27,高雄營五部,日用品,再生用品,EnviroSak,60200,6,62,331.08
26,1102,Pro Form Supplies 4,2005/2/27,高雄營五部,日用品,沐浴用品,RiverKind Detergent,60302,6,453,2609.28
126,1102,Pro Form Supplies 4,2006/7/3,高雄營五部,男裝,西裝,Star Gazer-3,40102,375,10,3000
126,1102,Pro Form Supplies 4,2006/7/3,高雄營五部,男裝,褲子,休閒褲,40300,14,4,48.16
126,1102,Pro Form Supplies 4,2006/7/3,高雄營五部,女裝,內衣,GO Ski Gear Bag,50101,35,16,520.8
126,1102,Pro Form Supplies 4,2006/7/3,高雄營五部,日用品,警報器,Microwave Detective,60101,13,29,282.75
126,1102,Pro Form Supplies 4,2006/7/3,高雄營五部,日用品,再生用品,EnviroSak,60200,7,2,13.02
126,1102,Pro Form Supplies 4,2006/7/3,高雄營五部,日用品,沐浴用品,RiverKind Soap,60301,13,138,1345.5
185,1104,Up and Up Co. 2,2006/6/12,高雄營五部,男裝,褲子,西褲,40301,138,6,794.88
185,1104,Up and Up Co. 2,2006/6/12,高雄營五部,男裝,男鞋,運動鞋,40402,57,18,810.54
185,1104,Up and Up Co. 2,2006/6/12,高雄營五部,女裝,內衣,GO Ski Gear Bag,50101,35,80,2156
185,1104,Up and Up Co. 2,2006/6/12,高雄營五部,日用品,再生用品,EnviroSak,60200,7,7,44.59
185,1104,Up and Up Co. 2,2006/6/12,高雄營五部,日用品,防曬油,Sun Shelter-30,60402,11,96,887.04
185,1104,Up and Up Co. 2,2006/6/12,高雄營五部,日用品,濾水器,Pocket Water Filter,60501,311,1,267.46
182,1105,Up and Up Co. 3,2006/6/18,高雄營五部,男裝,褲子,西褲,40301,138,6,654.12
182,1105,Up and Up Co. 3,2006/6/18,高雄營五部,男裝,男鞋,運動鞋,40402,57,43,2401.98
182,1105,Up and Up Co. 3,2006/6/18,高雄營五部,女裝,內衣,GO Duffel Bag,50102,62,48,2856.96
182,1105,Up and Up Co. 3,2006/6/18,高雄營五部,日用品,防曬油,Sun Shelter-15,60401,11,20,193.6
182,1105,Up and Up Co. 3,2006/6/18,高雄營五部,日用品,濾水器,Pocket Water Filter,60501,311,30,7370.7
168,1106,Up and Up Co. 4,2006/12/31,高雄營五部,男裝,帽子,扁帽,40200,114,4,410.4
168,1106,Up and Up Co. 4,2006/12/31,高雄營五部,男裝,褲子,運動褲,40303,25,4,81
168,1106,Up and Up Co. 4,2006/12/31,高雄營五部,女裝,內褲,GO Headband,50201,11,16,133.76
168,1106,Up and Up Co. 4,2006/12/31,高雄營五部,日用品,再生用品,Enviro-T,60202,33,28,850.08
168,1106,Up and Up Co. 4,2006/12/31,高雄營五部,日用品,防曬油,Sun Shelter-8,60400,6,244,1376.16
168,1106,Up and Up Co. 4,2006/12/31,高雄營五部,日用品,濾水器,Pocket Water Filter,60501,311,30,7743.9
146,1106,Up and Up Co. 4,2006/10/23,高雄營五部,男裝,西裝,StarDome,40103,554,1,432.12
146,1106,Up and Up Co. 4,2006/10/23,高雄營五部,男裝,褲子,西褲,40301,138,6,678.96
146,1106,Up and Up Co. 4,2006/10/23,高雄營五部,女裝,內衣,GO Ski Gear Bag,50101,35,16,453.6
146,1106,Up and Up Co. 4,2006/10/23,高雄營五部,日用品,再生用品,Enviro-T,60202,33,6,186.12
146,1106,Up and Up Co. 4,2006/10/23,高雄營五部,日用品,防曬油,Sun Shelter-8,60400,6,68,334.56
146,1106,Up and Up Co. 4,2006/10/23,高雄營五部,日用品,濾水器,Pocket Water Filter,60501,311,80,23138.4
204,1106,Up and Up Co. 4,2006/11/1,高雄營五部,男裝,西裝,Star Gazer-3,40102,500,2,920
204,1106,Up and Up Co. 4,2006/11/1,高雄營五部,男裝,褲子,運動褲,40303,25,19,460.75
204,1106,Up and Up Co. 4,2006/11/1,高雄營五部,女裝,內褲,GO Water Bottle,50203,8,80,524.8
204,1106,Up and Up Co. 4,2006/11/1,高雄營五部,日用品,警報器,Pocket U.V. Alerter,60100,10,53,487.6
204,1106,Up and Up Co. 4,2006/11/1,高雄營五部,日用品,沐浴用品,RiverKind Soap,60301,13,165,1887.6
204,1106,Up and Up Co. 4,2006/11/1,高雄營五部,日用品,防曬油,Sun Shelter-30,60402,11,348,3253.8
105,1107,New Wave Wilderness 1,2006/3/29,高雄營五部,男裝,西裝,獵裝,40202,80,3,208.8
105,1107,New Wave Wilderness 1,2006/3/29,高雄營五部,男裝,男鞋,皮鞋,40401,117,7,655.2
105,1107,New Wave Wilderness 1,2006/3/29,高雄營五部,女裝,內褲,GO Wristband,50202,9,80,662.4
105,1107,New Wave Wilderness 1,2006/3/29,高雄營五部,日用品,防曬油,Sun Shelter-30,60402,11,171,1467.18
268,1107,New Wave Wilderness 1,2005/11/24,高雄營五部,日用品,濾水器,Pocket Water Filter,60501,270,10,2673
184,1109,Miami,2006/3/2,高雄營五部,男裝,西裝,Star Gazer-2,40101,466,1,279.6
184,1109,Miami,2006/3/2,高雄營五部,男裝,西裝,獵裝,40202,80,8,563.2
184,1109,Miami,2006/3/2,高雄營五部,女裝,內衣,GO Duffel Bag,50102,62,16,793.6
184,1109,Miami,2006/3/2,高雄營五部,日用品,沐浴用品,RiverKind Shampoo,60300,11,279,2393.82
184,1109,Miami,2006/3/2,高雄營五部,日用品,防曬油,Sun Shelter-15,60401,11,96,823.68
218,1122,New York,2006/3/30,高雄營五部,男裝,西裝,Star Lite,40100,193,25,4004.75
218,1122,New York,2006/3/30,高雄營五部,男裝,褲子,西褲,40301,138,1,135.24
218,1122,New York,2006/3/30,高雄營五部,女裝,內褲,GO Headband,50201,11,80,836
218,1122,New York,2006/3/30,高雄營五部,日用品,警報器,Pocket Radon Alerter,60102,43,107,4186.91
218,1122,New York,2006/3/30,高雄營五部,日用品,再生用品,EnviroSak,60200,7,24,164.64
218,1122,New York,2006/3/30,高雄營五部,日用品,防曬油,Sun Shelter-15,60401,11,72,784.08
114,1131,Washington,2006/1/16,高雄營五部,男裝,西裝,Star Gazer-3,40102,500,2,960
114,1131,Washington,2006/1/16,高雄營五部,女裝,內褲,GO Headband,50201,11,32,348.48
114,1131,Washington,2006/1/16,高雄營五部,日用品,再生用品,EnviroSak,60200,7,1,5.88
114,1131,Washington,2006/1/16,高雄營五部,日用品,再生用品,Enviro-T,60202,33,3,91.08
114,1131,Washington,2006/1/16,高雄營五部,日用品,防曬油,Sun Shelter-8,60400,6,155,883.5
55,1135,Hill Street Sports 1,2005/5/22,高雄營五部,男裝,西裝,Star Gazer-2,40101,518,2,828.8
55,1135,Hill Street Sports 1,2005/5/22,高雄營五部,男裝,西裝,Star Gazer-3,40102,555,1,471.75
55,1135,Hill Street Sports 1,2005/5/22,高雄營五部,男裝,帽子,扁帽,40200,120,16,1670.4
55,1135,Hill Street Sports 1,2005/5/22,高雄營五部,女裝,內褲,GO Water Bottle,50203,8,64,404.48
55,1135,Hill Street Sports 1,2005/5/22,高雄營五部,日用品,防曬油,Sun Shelter-15,60401,9,631,5281.47
55,1135,Hill Street Sports 1,2005/5/22,高雄營五部,日用品,濾水器,Pro-Lite Water Filter,60500,165,24,3247.2
69,1136,Hill Street Sports 2,2005/6/25,高雄營五部,男裝,西裝,StarDome,40103,615,1,504.3
69,1136,Hill Street Sports 2,2005/6/25,高雄營五部,男裝,褲子,西褲,40301,131,2,217.46
69,1136,Hill Street Sports 2,2005/6/25,高雄營五部,女裝,內褲,GO Headband,50201,10,64,544
69,1136,Hill Street Sports 2,2005/6/25,高雄營五部,日用品,警報器,Pocket Radon Alerter,60102,39,74,2164.5
69,1136,Hill Street Sports 2,2005/6/25,高雄營五部,日用品,沐浴用品,RiverKind Soap,60301,11,374,3949.44
70,1136,Hill Street Sports 2,2005/4/14,高雄營五部,男裝,西裝,Star Lite,40100,165,15,2178
70,1136,Hill Street Sports 2,2005/4/14,高雄營五部,男裝,西裝,StarDome,40103,615,1,541.2
70,1136,Hill Street Sports 2,2005/4/14,高雄營五部,男裝,褲子,運動褲,40303,24,7,159.6
70,1136,Hill Street Sports 2,2005/4/14,高雄營五部,女裝,內褲,GO Water Bottle,50203,8,32,227.84
70,1136,Hill Street Sports 2,2005/4/14,高雄營五部,日用品,再生用品,Enviro-T,60202,30,111,2963.7
70,1136,Hill Street Sports 2,2005/4/14,高雄營五部,日用品,防曬油,Sun Shelter-15,60401,9,631,5111.1
156,1137,Hill Street Sports 3,2006/12/24,高雄營五部,男裝,西裝,Star Gazer-2,40101,466,28,7828.8
156,1137,Hill Street Sports 3,2006/12/24,高雄營五部,女裝,內褲,GO Water Bottle,50203,8,32,194.56
156,1137,Hill Street Sports 3,2006/12/24,高雄營五部,日用品,再生用品,Enviro-Kit,60201,13,1,11.44
156,1137,Hill Street Sports 3,2006/12/24,高雄營五部,日用品,防曬油,Sun Shelter-30,60402,11,72,633.6
156,1137,Hill Street Sports 3,2006/12/24,高雄營五部,日用品,濾水器,Pro-Lite Water Filter,60500,190,28,5266.8
152,1138,Hill Street Sports 4,2006/3/11,高雄營五部,男裝,西裝,Star Lite,40100,193,92,16868.2
152,1138,Hill Street Sports 4,2006/3/11,高雄營五部,男裝,西裝,Star Gazer-2,40101,466,2,605.8
152,1138,Hill Street Sports 4,2006/3/11,高雄營五部,女裝,內褲,GO Wristband,50202,9,32,279.36
152,1138,Hill Street Sports 4,2006/3/11,高雄營五部,日用品,警報器,Pocket Radon Alerter,60102,43,53,2187.84
152,1138,Hill Street Sports 4,2006/3/11,高雄營五部,日用品,再生用品,EnviroSak,60200,7,20,138.6
152,1138,Hill Street Sports 4,2006/3/11,高雄營五部,日用品,防曬油,Sun Shelter-30,60402,11,348,3024.12
194,1139,Fredies Sport Whse 1,2006/11/24,高雄營五部,男裝,西裝,獵裝,40202,80,1,75.2
194,1139,Fredies Sport Whse 1,2006/11/24,高雄營五部,男裝,褲子,短褲,40302,19,14,207.48
194,1139,Fredies Sport Whse 1,2006/11/24,高雄營五部,女裝,內衣,GO Duffel Bag,50102,62,64,3491.84
194,1139,Fredies Sport Whse 1,2006/11/24,高雄營五部,日用品,再生用品,Enviro-T,60202,33,1,31.02
194,1139,Fredies Sport Whse 1,2006/11/24,高雄營五部,日用品,沐浴用品,RiverKind Soap,60301,13,279,2792.79
194,1139,Fredies Sport Whse 1,2006/11/24,高雄營五部,日用品,防曬油,Sun Shelter-15,60401,11,148,1416.36
100,1144,Florida Sun Sports 2,2006/11/26,高雄營五部,男裝,男鞋,雨鞋,40400,68,30,1938
100,1144,Florida Sun Sports 2,2006/11/26,高雄營五部,男裝,男鞋,拖鞋,40403,22,18,320.76
100,1144,Florida Sun Sports 2,2006/11/26,高雄營五部,女裝,內衣,GO Duffel Bag,50102,62,48,2499.84
100,1144,Florida Sun Sports 2,2006/11/26,高雄營五部,日用品,警報器,Pocket U.V. Alerter,60100,10,116,962.8
100,1144,Florida Sun Sports 2,2006/11/26,高雄營五部,日用品,沐浴用品,RiverKind Soap,60301,13,248,2998.32
100,1144,Florida Sun Sports 2,2006/11/26,高雄營五部,日用品,濾水器,Pocket Water Filter,60501,311,5,1539.45
188,1144,Florida Sun Sports 2,2006/12/9,高雄營五部,男裝,西裝,Star Gazer-3,40102,500,7,2100
188,1144,Florida Sun Sports 2,2006/12/9,高雄營五部,男裝,西裝,獵裝,40202,80,2,144
188,1144,Florida Sun Sports 2,2006/12/9,高雄營五部,女裝,內褲,GO Wristband,50202,9,64,518.4
188,1144,Florida Sun Sports 2,2006/12/9,高雄營五部,日用品,警報器,Pocket Radon Alerter,60102,43,53,2165.05
188,1144,Florida Sun Sports 2,2006/12/9,高雄營五部,日用品,再生用品,Enviro-T,60202,33,24,744.48
188,1144,Florida Sun Sports 2,2006/12/9,高雄營五部,日用品,沐浴用品,RiverKind Soap,60301,13,192,2171.52
71,1145,Florida Sun Sports 3,2005/9/2,高雄營五部,男裝,西裝,Star Lite,40100,165,1,141.9
71,1145,Florida Sun Sports 3,2005/9/2,高雄營五部,男裝,西裝,Star Gazer-2,40101,518,4,1243.2
71,1145,Florida Sun Sports 3,2005/9/2,高雄營五部,男裝,褲子,運動褲,40303,24,4,73.92
71,1145,Florida Sun Sports 3,2005/9/2,高雄營五部,女裝,內衣,GO Ski Gear Bag,50101,32,48,1505.28
71,1145,Florida Sun Sports 3,2005/9/2,高雄營五部,日用品,警報器,Pocket U.V. Alerter,60100,9,36,298.08
71,1145,Florida Sun Sports 3,2005/9/2,高雄營五部,日用品,濾水器,Pro-Lite Water Filter,60500,165,1,128.7
159,1149,Denver,2006/7/13,高雄營五部,男裝,西裝,Star Gazer-2,40101,466,1,400.76
159,1149,Denver,2006/7/13,高雄營五部,男裝,男鞋,雨鞋,40400,68,44,2244
159,1149,Denver,2006/7/13,高雄營五部,女裝,內褲,GO Water Bottle,50203,8,32,207.36
159,1149,Denver,2006/7/13,高雄營五部,日用品,警報器,Pocket U.V. Alerter,60100,10,77,723.8
159,1149,Denver,2006/7/13,高雄營五部,日用品,警報器,Pocket Radon Alerter,60102,43,101,4125.85
159,1149,Denver,2006/7/13,高雄營五部,日用品,再生用品,EnviroSak,60200,7,28,174.44
